-- MySQL dump 10.13  Distrib 8.0.34, for Win64 (x86_64)
--
-- Host: localhost    Database: lms
-- ------------------------------------------------------
-- Server version	8.0.35

/*!40101 SET @OLD_CHARACTER_SET_CLIENT=@@CHARACTER_SET_CLIENT */;
/*!40101 SET @OLD_CHARACTER_SET_RESULTS=@@CHARACTER_SET_RESULTS */;
/*!40101 SET @OLD_COLLATION_CONNECTION=@@COLLATION_CONNECTION */;
/*!50503 SET NAMES utf8 */;
/*!40103 SET @OLD_TIME_ZONE=@@TIME_ZONE */;
/*!40103 SET TIME_ZONE='+00:00' */;
/*!40014 SET @OLD_UNIQUE_CHECKS=@@UNIQUE_CHECKS, UNIQUE_CHECKS=0 */;
/*!40014 SET @OLD_FOREIGN_KEY_CHECKS=@@FOREIGN_KEY_CHECKS, FOREIGN_KEY_CHECKS=0 */;
/*!40101 SET @OLD_SQL_MODE=@@SQL_MODE, SQL_MODE='NO_AUTO_VALUE_ON_ZERO' */;
/*!40111 SET @OLD_SQL_NOTES=@@SQL_NOTES, SQL_NOTES=0 */;

--
-- Table structure for table `activity`
--

DROP TABLE IF EXISTS `activity`;
/*!40101 SET @saved_cs_client     = @@character_set_client */;
/*!50503 SET character_set_client = utf8mb4 */;
CREATE TABLE `activity` (
  `activityid` int NOT NULL AUTO_INCREMENT,
  `pageid` int NOT NULL,
  `context_id` int NOT NULL,
  `restricted_access` text,
  `available_from` datetime DEFAULT NULL,
  `available_until` datetime DEFAULT NULL,
  `completion_criteria` text,
  `group_mode` text,
  `timestamp` timestamp NULL DEFAULT CURRENT_TIMESTAMP,
  PRIMARY KEY (`activityid`),
  KEY `fk_context` (`context_id`),
  KEY `fk_page` (`pageid`),
  CONSTRAINT `fk_context` FOREIGN KEY (`context_id`) REFERENCES `context` (`context_id`),
  CONSTRAINT `fk_page` FOREIGN KEY (`pageid`) REFERENCES `pages` (`pageid`)
) ENGINE=InnoDB AUTO_INCREMENT=18 DEFAULT CHARSET=utf8mb4 COLLATE=utf8mb4_0900_ai_ci;
/*!40101 SET character_set_client = @saved_cs_client */;

--
-- Dumping data for table `activity`
--

LOCK TABLES `activity` WRITE;
/*!40000 ALTER TABLE `activity` DISABLE KEYS */;
INSERT INTO `activity` VALUES (1,1,8,NULL,'2024-09-14 00:00:00','2024-09-14 00:00:00','Begins','0','2024-09-13 10:37:10'),(2,2,11,NULL,'2024-09-16 00:00:00','2024-09-16 00:00:00','none','0','2024-09-13 11:02:05'),(3,3,30,NULL,'2024-09-19 00:00:00','2024-09-23 00:00:00','','','2024-09-23 10:12:51'),(4,4,31,NULL,'2024-09-19 00:00:00','2024-09-23 00:00:00','','','2024-09-23 10:12:54'),(5,5,34,NULL,'2024-09-18 00:00:00','2024-09-25 00:00:00','','','2024-09-23 10:18:58'),(6,6,37,NULL,'2024-09-20 00:00:00','2024-09-24 00:00:00','','','2024-09-23 10:20:08'),(7,7,40,NULL,'2024-09-24 00:00:00','2024-09-25 00:00:00','','','2024-09-24 05:15:29'),(8,8,43,NULL,'2024-09-24 00:00:00','2024-09-26 00:00:00','','','2024-09-24 05:25:44'),(9,9,46,NULL,'2024-09-23 00:00:00','2024-09-26 00:00:00','','','2024-09-24 06:04:24'),(10,10,49,NULL,'2024-09-24 00:00:00','2024-09-26 00:00:00','','','2024-09-24 06:10:30'),(11,11,52,NULL,'2024-09-24 00:00:00','2024-09-26 00:00:00','','','2024-09-24 06:16:07'),(12,12,55,NULL,'2024-09-23 00:00:00','2024-09-25 00:00:00','','','2024-09-24 06:19:11'),(13,13,58,NULL,'2024-09-24 00:00:00','2024-09-26 00:00:00','','','2024-09-24 06:23:09'),(14,14,61,NULL,'2024-09-24 00:00:00','2024-09-26 00:00:00','','','2024-09-24 06:25:15'),(15,16,69,NULL,'2024-10-17 00:00:00','2024-10-18 00:00:00','','','2024-10-05 05:25:21'),(16,17,71,NULL,'2024-10-11 00:00:00','2024-10-12 00:00:00','','','2024-10-05 05:30:21'),(17,18,74,NULL,'2024-10-14 00:00:00','2024-10-15 00:00:00','','','2024-10-05 07:06:34');
/*!40000 ALTER TABLE `activity` ENABLE KEYS */;
UNLOCK TABLES;

--
-- Table structure for table `auth`
--

DROP TABLE IF EXISTS `auth`;
/*!40101 SET @saved_cs_client     = @@character_set_client */;
/*!50503 SET character_set_client = utf8mb4 */;
CREATE TABLE `auth` (
  `auth_id` int NOT NULL AUTO_INCREMENT,
  `email` varchar(100) NOT NULL,
  `password` varchar(255) NOT NULL,
  `role_id` int DEFAULT NULL,
  `timestamp` timestamp NULL DEFAULT CURRENT_TIMESTAMP,
  `user_id` int DEFAULT NULL,
  `has_paid` tinyint(1) DEFAULT '0',
  PRIMARY KEY (`auth_id`),
  UNIQUE KEY `email` (`email`),
  KEY `fk_auth_role` (`role_id`),
  KEY `fk_auth_user` (`user_id`),
  CONSTRAINT `fk_auth_role` FOREIGN KEY (`role_id`) REFERENCES `roles` (`role_id`),
  CONSTRAINT `fk_auth_user` FOREIGN KEY (`user_id`) REFERENCES `user` (`user_id`)
) ENGINE=InnoDB AUTO_INCREMENT=7 DEFAULT CHARSET=utf8mb4 COLLATE=utf8mb4_0900_ai_ci;
/*!40101 SET character_set_client = @saved_cs_client */;

--
-- Dumping data for table `auth`
--

LOCK TABLES `auth` WRITE;
/*!40000 ALTER TABLE `auth` DISABLE KEYS */;
INSERT INTO `auth` VALUES (1,'admin@gmail.com','$2b$10$F7Ac.LDsx6GbQhvryIr8quW5CccTGeH6yZYxvkkW0a1Mq5FEyGIkC',1,'2024-09-13 10:14:55',1,0),(2,'instructor@gmail.com','$2b$10$PxOARSkDCy49tcxJJE7xCuikJ6JGqg6svGvidWPeQ7zsbySsIpDuy',2,'2024-09-13 10:15:47',2,0),(3,'siva.v@kggeniuslabs.com','$2b$10$vyhzY0qTvENpKZ0262n87.R8sBu9C/uZIpxmTLPb9RAOmSYnp/M5G',4,'2024-09-13 10:16:21',3,0),(5,'devika.eks@kggeniuslabs.com','$2b$10$yj0he0UT2nA0J3wIMkdK3esh7HjcPqzuPkAZU9dQJxxvnkOW7Ioli',4,'2024-09-25 05:34:11',5,0),(6,'shivani.m@kggeniuslabs.com','$2b$10$sl1fD5n2AmI0djHqVgbwGu5FnJ.T/cyFXe5nbTA2QyrgCIEoFJOHS',4,'2024-09-25 05:38:50',6,0);
/*!40000 ALTER TABLE `auth` ENABLE KEYS */;
UNLOCK TABLES;

--
-- Table structure for table `context`
--

DROP TABLE IF EXISTS `context`;
/*!40101 SET @saved_cs_client     = @@character_set_client */;
/*!50503 SET character_set_client = utf8mb4 */;
CREATE TABLE `context` (
  `context_id` int NOT NULL AUTO_INCREMENT,
  `contextlevel` int DEFAULT NULL,
  `instanceid` int DEFAULT NULL,
  `path` varchar(255) DEFAULT NULL,
  `depth` varchar(255) DEFAULT NULL,
  `timestamp` timestamp NULL DEFAULT CURRENT_TIMESTAMP,
  PRIMARY KEY (`context_id`),
  KEY `fk_contextlevel` (`contextlevel`),
  CONSTRAINT `fk_contextlevel` FOREIGN KEY (`contextlevel`) REFERENCES `context_level_description` (`contextlevel`)
) ENGINE=InnoDB AUTO_INCREMENT=76 DEFAULT CHARSET=utf8mb4 COLLATE=utf8mb4_0900_ai_ci;
/*!40101 SET character_set_client = @saved_cs_client */;

--
-- Dumping data for table `context`
--

LOCK TABLES `context` WRITE;
/*!40000 ALTER TABLE `context` DISABLE KEYS */;
INSERT INTO `context` VALUES (1,2,1,NULL,NULL,'2024-09-13 10:14:55'),(2,2,2,NULL,NULL,'2024-09-13 10:15:47'),(3,2,3,NULL,NULL,'2024-09-13 10:16:21'),(4,3,1,'1/1',NULL,'2024-09-13 10:19:12'),(5,5,1,'1/1','0/1','2024-09-13 10:19:54'),(6,5,2,'1/1','0/2','2024-09-13 10:20:42'),(7,4,1,'1/1','1','2024-09-13 10:34:05'),(8,6,1,'1/1','2','2024-09-13 10:37:10'),(9,4,1,'1/1','3','2024-09-13 10:38:15'),(10,4,2,'1/1','1','2024-09-13 11:00:06'),(11,6,2,'1/1','2','2024-09-13 11:02:05'),(12,4,2,'1/1','3','2024-09-13 11:02:47'),(13,5,3,'1/1','0/3','2024-09-13 11:48:16'),(14,5,4,'1/1','0/4','2024-09-13 11:48:37'),(15,5,5,'1/1','0/5','2024-09-13 11:48:57'),(16,5,6,'1/1','0/6','2024-09-13 11:49:16'),(17,5,7,'1/1','0/7','2024-09-13 11:49:31'),(18,5,8,'1/1','0/8','2024-09-13 11:49:51'),(19,5,9,'1/1','0/9','2024-09-13 11:50:13'),(20,5,10,'1/1','0/10','2024-09-13 11:50:29'),(21,5,11,'1/1','0/10','2024-09-13 11:51:14'),(22,5,12,'1/1','0/10','2024-09-13 11:51:31'),(23,5,13,'1/1','0/10','2024-09-13 11:51:58'),(24,5,14,'1/1','0/10','2024-09-13 11:52:16'),(25,5,15,'1/1','0/10','2024-09-13 11:52:35'),(26,5,16,'1/1','0/10','2024-09-13 11:52:54'),(27,5,17,'1/1','0/10','2024-09-14 12:45:33'),(28,5,18,'1/1','0/10','2024-09-14 12:45:51'),(29,4,3,'1/1','1','2024-09-23 10:11:01'),(30,6,3,'1/1','2','2024-09-23 10:12:51'),(31,6,100,'1/1','2','2024-09-23 10:12:54'),(32,4,3,'1/1','3','2024-09-23 10:15:00'),(33,4,4,'1/1','1','2024-09-23 10:18:17'),(34,6,4,'1/1','2','2024-09-23 10:18:58'),(35,4,4,'1/1','3','2024-09-23 10:19:27'),(36,4,5,'1/1','1','2024-09-23 10:19:48'),(37,6,5,'1/1','2','2024-09-23 10:20:08'),(38,4,5,'1/1','3','2024-09-23 10:20:47'),(39,4,7,'1/1','1','2024-09-24 05:13:55'),(40,6,7,'1/1','2','2024-09-24 05:15:29'),(41,4,7,'1/1','3','2024-09-24 05:16:40'),(42,4,10,'1/1','1','2024-09-24 05:22:22'),(43,6,10,'1/1','2','2024-09-24 05:25:44'),(44,4,10,'1/1','3','2024-09-24 05:27:28'),(45,4,12,'1/1','1','2024-09-24 06:03:08'),(46,6,12,'1/1','2','2024-09-24 06:04:24'),(47,4,12,'1/1','3','2024-09-24 06:05:48'),(48,4,14,'1/1','1','2024-09-24 06:07:31'),(49,6,14,'1/1','2','2024-09-24 06:10:30'),(50,4,14,'1/1','3','2024-09-24 06:11:58'),(51,4,15,'1/1','1','2024-09-24 06:13:29'),(52,6,15,'1/1','2','2024-09-24 06:16:07'),(53,4,15,'1/1','3','2024-09-24 06:17:14'),(54,4,16,'1/1','1','2024-09-24 06:18:24'),(55,6,16,'1/1','2','2024-09-24 06:19:11'),(56,4,16,'1/1','3','2024-09-24 06:20:01'),(57,4,17,'1/1','1','2024-09-24 06:22:10'),(58,6,17,'1/1','2','2024-09-24 06:23:09'),(59,4,17,'1/1','3','2024-09-24 06:24:04'),(60,4,18,'1/1','1','2024-09-24 06:24:24'),(61,6,18,'1/1','2','2024-09-24 06:25:15'),(62,4,18,'1/1','3','2024-09-24 06:25:26'),(63,2,4,NULL,NULL,'2024-09-25 05:29:41'),(64,2,5,NULL,NULL,'2024-09-25 05:34:11'),(65,2,6,NULL,NULL,'2024-09-25 05:38:50'),(66,4,6,'1/1','1','2024-10-01 05:32:25'),(67,4,8,'1/1','1','2024-10-05 05:21:36'),(68,6,100,'1/1','2','2024-10-05 05:25:12'),(69,6,8,'1/1','2','2024-10-05 05:25:21'),(70,4,8,'1/1','3','2024-10-05 05:27:38'),(71,6,6,'1/1','2','2024-10-05 05:30:21'),(72,4,6,'1/1','3','2024-10-05 05:30:47'),(73,4,9,'1/1','1','2024-10-05 07:03:44'),(74,6,9,'1/1','2','2024-10-05 07:06:34'),(75,4,9,'1/1','3','2024-10-05 07:07:08');
/*!40000 ALTER TABLE `context` ENABLE KEYS */;
UNLOCK TABLES;

--
-- Table structure for table `context_level_description`
--

DROP TABLE IF EXISTS `context_level_description`;
/*!40101 SET @saved_cs_client     = @@character_set_client */;
/*!50503 SET character_set_client = utf8mb4 */;
CREATE TABLE `context_level_description` (
  `contextlevel` int NOT NULL AUTO_INCREMENT,
  `contextlevel_desc` varchar(255) NOT NULL,
  PRIMARY KEY (`contextlevel`)
) ENGINE=InnoDB AUTO_INCREMENT=7 DEFAULT CHARSET=utf8mb4 COLLATE=utf8mb4_0900_ai_ci;
/*!40101 SET character_set_client = @saved_cs_client */;

--
-- Dumping data for table `context_level_description`
--

LOCK TABLES `context_level_description` WRITE;
/*!40000 ALTER TABLE `context_level_description` DISABLE KEYS */;
INSERT INTO `context_level_description` VALUES (1,'student'),(2,'user'),(3,'course'),(4,'quiz'),(5,'module'),(6,'course_content');
/*!40000 ALTER TABLE `context_level_description` ENABLE KEYS */;
UNLOCK TABLES;

--
-- Table structure for table `course_category`
--

DROP TABLE IF EXISTS `course_category`;
/*!40101 SET @saved_cs_client     = @@character_set_client */;
/*!50503 SET character_set_client = utf8mb4 */;
CREATE TABLE `course_category` (
  `course_category_id` int NOT NULL AUTO_INCREMENT,
  `course_category_name` varchar(255) NOT NULL,
  PRIMARY KEY (`course_category_id`)
) ENGINE=InnoDB AUTO_INCREMENT=2 DEFAULT CHARSET=utf8mb4 COLLATE=utf8mb4_0900_ai_ci;
/*!40101 SET character_set_client = @saved_cs_client */;

--
-- Dumping data for table `course_category`
--

LOCK TABLES `course_category` WRITE;
/*!40000 ALTER TABLE `course_category` DISABLE KEYS */;
INSERT INTO `course_category` VALUES (1,'Medical');
/*!40000 ALTER TABLE `course_category` ENABLE KEYS */;
UNLOCK TABLES;

--
-- Table structure for table `course_difficulty_level`
--

DROP TABLE IF EXISTS `course_difficulty_level`;
/*!40101 SET @saved_cs_client     = @@character_set_client */;
/*!50503 SET character_set_client = utf8mb4 */;
CREATE TABLE `course_difficulty_level` (
  `difficulty_level_id` int NOT NULL AUTO_INCREMENT,
  `difficulty_level_name` varchar(255) NOT NULL,
  PRIMARY KEY (`difficulty_level_id`)
) ENGINE=InnoDB AUTO_INCREMENT=4 DEFAULT CHARSET=utf8mb4 COLLATE=utf8mb4_0900_ai_ci;
/*!40101 SET character_set_client = @saved_cs_client */;

--
-- Dumping data for table `course_difficulty_level`
--

LOCK TABLES `course_difficulty_level` WRITE;
/*!40000 ALTER TABLE `course_difficulty_level` DISABLE KEYS */;
INSERT INTO `course_difficulty_level` VALUES (1,'Easy'),(2,'Medium'),(3,'Hard');
/*!40000 ALTER TABLE `course_difficulty_level` ENABLE KEYS */;
UNLOCK TABLES;

--
-- Table structure for table `courses`
--

DROP TABLE IF EXISTS `courses`;
/*!40101 SET @saved_cs_client     = @@character_set_client */;
/*!50503 SET character_set_client = utf8mb4 */;
CREATE TABLE `courses` (
  `courseid` int NOT NULL AUTO_INCREMENT,
  `coursename` varchar(255) NOT NULL,
  `created_at` timestamp NULL DEFAULT CURRENT_TIMESTAMP,
  `course_short_name` varchar(255) DEFAULT NULL,
  `course_category_id` int DEFAULT NULL,
  `course_start_date` date DEFAULT NULL,
  `course_end_date` date DEFAULT NULL,
  `course_image` varchar(255) DEFAULT 'default_image.jpg',
  `course_desc` text,
  `course_creator_id` int DEFAULT NULL,
  `difficulty_level_id` int DEFAULT NULL,
  PRIMARY KEY (`courseid`),
  KEY `fk_course_category` (`course_category_id`),
  KEY `fk_difficulty_level` (`difficulty_level_id`),
  CONSTRAINT `fk_course_category` FOREIGN KEY (`course_category_id`) REFERENCES `course_category` (`course_category_id`),
  CONSTRAINT `fk_difficulty_level` FOREIGN KEY (`difficulty_level_id`) REFERENCES `course_difficulty_level` (`difficulty_level_id`)
) ENGINE=InnoDB AUTO_INCREMENT=2 DEFAULT CHARSET=utf8mb4 COLLATE=utf8mb4_0900_ai_ci;
/*!40101 SET character_set_client = @saved_cs_client */;

--
-- Dumping data for table `courses`
--

LOCK TABLES `courses` WRITE;
/*!40000 ALTER TABLE `courses` DISABLE KEYS */;
INSERT INTO `courses` VALUES (1,'My Spine Coach','2024-09-13 10:19:12','spine coach',1,'2024-09-19','2024-09-30','\\uploads\\courseImage-1726836814939-143659780.jpg','Spine related problems and solutions provide this course',NULL,NULL);
/*!40000 ALTER TABLE `courses` ENABLE KEYS */;
UNLOCK TABLES;

--
-- Table structure for table `department`
--

DROP TABLE IF EXISTS `department`;
/*!40101 SET @saved_cs_client     = @@character_set_client */;
/*!50503 SET character_set_client = utf8mb4 */;
CREATE TABLE `department` (
  `dept_id` int NOT NULL AUTO_INCREMENT,
  `dept_name` varchar(100) NOT NULL,
  PRIMARY KEY (`dept_id`)
) ENGINE=InnoDB AUTO_INCREMENT=3 DEFAULT CHARSET=utf8mb4 COLLATE=utf8mb4_0900_ai_ci;
/*!40101 SET character_set_client = @saved_cs_client */;

--
-- Dumping data for table `department`
--

LOCK TABLES `department` WRITE;
/*!40000 ALTER TABLE `department` DISABLE KEYS */;
INSERT INTO `department` VALUES (1,'B.Sc Computer Science'),(2,'B.Sc Information Technology');
/*!40000 ALTER TABLE `department` ENABLE KEYS */;
UNLOCK TABLES;

--
-- Table structure for table `match_options`
--

DROP TABLE IF EXISTS `match_options`;
/*!40101 SET @saved_cs_client     = @@character_set_client */;
/*!50503 SET character_set_client = utf8mb4 */;
CREATE TABLE `match_options` (
  `id` int NOT NULL AUTO_INCREMENT,
  `subquestion_id` int DEFAULT NULL,
  `option_text` text NOT NULL,
  `is_correct` tinyint(1) DEFAULT '0',
  PRIMARY KEY (`id`),
  KEY `subquestion_id` (`subquestion_id`),
  CONSTRAINT `match_options_ibfk_1` FOREIGN KEY (`subquestion_id`) REFERENCES `match_subquestions` (`id`)
) ENGINE=InnoDB AUTO_INCREMENT=9 DEFAULT CHARSET=utf8mb4 COLLATE=utf8mb4_0900_ai_ci;
/*!40101 SET character_set_client = @saved_cs_client */;

--
-- Dumping data for table `match_options`
--

LOCK TABLES `match_options` WRITE;
/*!40000 ALTER TABLE `match_options` DISABLE KEYS */;
INSERT INTO `match_options` VALUES (1,1,'cervical lordosis',1),(2,2,'thoracic kyphosis',1),(3,3,'lumbar lordosis',1),(4,4,'sacral and coccyx kyphosis',1),(5,5,'Plank',1),(6,6,'Crunches',1),(7,7,'Supermans',1),(8,8,'Squats',1);
/*!40000 ALTER TABLE `match_options` ENABLE KEYS */;
UNLOCK TABLES;

--
-- Table structure for table `match_subquestions`
--

DROP TABLE IF EXISTS `match_subquestions`;
/*!40101 SET @saved_cs_client     = @@character_set_client */;
/*!50503 SET character_set_client = utf8mb4 */;
CREATE TABLE `match_subquestions` (
  `id` int NOT NULL AUTO_INCREMENT,
  `quiz_text_id` int DEFAULT NULL,
  `subquestion_text` text NOT NULL,
  PRIMARY KEY (`id`),
  KEY `quiz_text_id` (`quiz_text_id`),
  CONSTRAINT `match_subquestions_ibfk_1` FOREIGN KEY (`quiz_text_id`) REFERENCES `quiz_text` (`id`)
) ENGINE=InnoDB AUTO_INCREMENT=9 DEFAULT CHARSET=utf8mb4 COLLATE=utf8mb4_0900_ai_ci;
/*!40101 SET character_set_client = @saved_cs_client */;

--
-- Dumping data for table `match_subquestions`
--

LOCK TABLES `match_subquestions` WRITE;
/*!40000 ALTER TABLE `match_subquestions` DISABLE KEYS */;
INSERT INTO `match_subquestions` VALUES (1,83,'cervical spine'),(2,83,'thoracic spine'),(3,83,'lumbar spine'),(4,83,'sacral and coccyx spine'),(5,84,'your psoas muscles'),(6,84,'your abdominal muscles'),(7,84,'your back extensor muscles'),(8,84,'your gluteus muscles');
/*!40000 ALTER TABLE `match_subquestions` ENABLE KEYS */;
UNLOCK TABLES;

--
-- Table structure for table `modules`
--

DROP TABLE IF EXISTS `modules`;
/*!40101 SET @saved_cs_client     = @@character_set_client */;
/*!50503 SET character_set_client = utf8mb4 */;
CREATE TABLE `modules` (
  `moduleid` int NOT NULL AUTO_INCREMENT,
  `modulename` varchar(255) NOT NULL,
  `version` varchar(50) DEFAULT NULL,
  `created_at` timestamp NULL DEFAULT CURRENT_TIMESTAMP,
  `courseid` int DEFAULT NULL,
  `module_image` varchar(255) DEFAULT NULL,
  `module_enable` tinyint(1) DEFAULT '1',
  PRIMARY KEY (`moduleid`),
  UNIQUE KEY `moduleid` (`moduleid`)
) ENGINE=InnoDB AUTO_INCREMENT=19 DEFAULT CHARSET=utf8mb4 COLLATE=utf8mb4_0900_ai_ci;
/*!40101 SET character_set_client = @saved_cs_client */;

--
-- Dumping data for table `modules`
--

LOCK TABLES `modules` WRITE;
/*!40000 ALTER TABLE `modules` DISABLE KEYS */;
INSERT INTO `modules` VALUES (1,'Who am I?',NULL,'2024-09-13 10:19:54',1,'\\uploads\\moduleImage-1726222794663-315607545.jpg',1),(2,'Who Suffers?',NULL,'2024-09-13 10:20:42',1,'\\uploads\\moduleImage-1726222842878-873137357.jpg',1),(3,'How may people are suffering?',NULL,'2024-09-13 11:48:16',1,'\\uploads\\moduleImage-1726228096311-231692994.jpg',1),(4,'The Dangerous Red Flag Diagnoses',NULL,'2024-09-13 11:48:37',1,'\\uploads\\moduleImage-1726228117443-724215670.jpg',1),(5,'The Global Costs of Back Pain',NULL,'2024-09-13 11:48:57',1,'\\uploads\\moduleImage-1726228137605-252065153.jpg',1),(6,'All About Your Spine',NULL,'2024-09-13 11:49:16',1,'\\uploads\\moduleImage-1726228156526-834240815.jpg',1),(7,'Chain of Links - Motion of Your Spine',NULL,'2024-09-13 11:49:31',1,'\\uploads\\moduleImage-1726228171923-820710811.jpg',1),(8,'Pillar of Strength - Muscles of Your Spine',NULL,'2024-09-13 11:49:51',1,'\\uploads\\moduleImage-1726228191236-921550980.jpg',1),(9,'Wear of Your Backbone - Degeneration of the Spine',NULL,'2024-09-13 11:50:13',1,'\\uploads\\moduleImage-1726228213061-809637423.jpg',1),(10,'Framework of Life - Your Super Amazing Nerves',NULL,'2024-09-13 11:50:29',1,'\\uploads\\moduleImage-1726228229320-210416325.jpg',1),(11,'Nature\'s Reset Button - Your Fountain of Youth',NULL,'2024-09-13 11:51:14',1,'\\uploads\\moduleImage-1726228274701-975980045.jpg',1),(12,'Re-Generational NOT De-Generational!',NULL,'2024-09-13 11:51:31',1,'\\uploads\\moduleImage-1726228291716-974146749.jpg',1),(13,'10 Foundational Causes of Back Pain',NULL,'2024-09-13 11:51:58',1,'\\uploads\\moduleImage-1726228318060-351095003.jpg',1),(14,'The 6 Steps of Proper Posture and the 6 Steps of Poor Posture',NULL,'2024-09-13 11:52:16',1,'\\uploads\\moduleImage-1726228336860-506348149.jpg',1),(15,'Posture and Balance: “Skier’s Poise” with Aspen Supercoach Ned Ryan',NULL,'2024-09-13 11:52:35',1,'\\uploads\\moduleImage-1726228355810-112492176.jpg',1),(16,'Backbone of Confidence - Help Is on the Way!',NULL,'2024-09-13 11:52:54',1,'\\uploads\\moduleImage-1726228374449-186264241.jpg',1),(17,'The Crane’s Precision - Lifting, Handling, and Delivery',NULL,'2024-09-14 12:45:33',1,'\\uploads\\moduleImage-1726317933109-914540929.jpg',1),(18,'A Conversation with Negong Grandmaster James Ran',NULL,'2024-09-14 12:45:51',1,'\\uploads\\moduleImage-1726317951324-850748313.jpg',1);
/*!40000 ALTER TABLE `modules` ENABLE KEYS */;
UNLOCK TABLES;

--
-- Table structure for table `pages`
--

DROP TABLE IF EXISTS `pages`;
/*!40101 SET @saved_cs_client     = @@character_set_client */;
/*!50503 SET character_set_client = utf8mb4 */;
CREATE TABLE `pages` (
  `pageid` int NOT NULL AUTO_INCREMENT,
  `courseid` int NOT NULL,
  `moduleid` int NOT NULL,
  `timestamp` timestamp NULL DEFAULT CURRENT_TIMESTAMP,
  `description` text,
  `page_content` mediumtext NOT NULL,
  `context_id` int DEFAULT NULL,
  `activity_name` varchar(255) DEFAULT NULL,
  PRIMARY KEY (`pageid`),
  KEY `courseid` (`courseid`),
  KEY `pages_ibfk_2_idx` (`moduleid`),
  KEY `moduleid_idx` (`moduleid`),
  KEY `fk_pages_context` (`context_id`),
  CONSTRAINT `fk_pages_context` FOREIGN KEY (`context_id`) REFERENCES `context` (`context_id`)
) ENGINE=InnoDB AUTO_INCREMENT=19 DEFAULT CHARSET=utf8mb4 COLLATE=utf8mb4_0900_ai_ci;
/*!40101 SET character_set_client = @saved_cs_client */;

--
-- Dumping data for table `pages`
--

LOCK TABLES `pages` WRITE;
/*!40000 ALTER TABLE `pages` DISABLE KEYS */;
INSERT INTO `pages` VALUES (1,1,1,'2024-09-13 10:37:10','Who am I','<h4 style=\"color:#001040;\">Lecture Accompanied by Background Music&nbsp;<br></h4><br><div style=\"padding:56.25% 0 0 0;position:relative;\"><iframe src=\"https://player.vimeo.com/video/1009487338?h=1782b02626&amp;title=0&amp;byline=0&amp;portrait=0&amp;badge=0&amp;autopause=0&amp;player_id=0&amp;app_id=58479\" frameborder=\"0\" allow=\"autoplay; fullscreen; picture-in-picture; clipboard-write\" style=\"position:absolute;top:0;left:0;width:100%;height:100%;\" title=\"Who Am I_ (1)\" width=\"1149px\" height=\"646px\"></iframe></div><br><br><br><br><h4 style=\"color:#001040;\">Lecture Presented Without Background Music<br></h4><div style=\"padding:56.25% 0 0 0;position:relative;\"><iframe src=\"https://player.vimeo.com/video/1009486851?h=39d4a62948&amp;title=0&amp;byline=0&amp;portrait=0&amp;badge=0&amp;autopause=0&amp;player_id=0&amp;app_id=58479\" frameborder=\"0\" allow=\"autoplay; fullscreen; picture-in-picture; clipboard-write\" style=\"position:absolute;top:0;left:0;width:100%;height:100%;\" title=\"Who Am I_ - No Music Track (1)\" width=\"822px\" height=\"587px\"></iframe><br></div><p><br></p>',8,'Who am I?'),(2,1,2,'2024-09-13 11:02:05','Who Suffers','<h4 style=\"color:#001040\" ;=\"\">Lecture Accompanied by Background Music</h4><div style=\"padding:75% 0 0 0;position:relative;\"><iframe src=\"https://player.vimeo.com/video/1009488351?h=bfa1cc69cc&amp;title=0&amp;byline=0&amp;portrait=0&amp;badge=0&amp;autopause=0&amp;player_id=0&amp;app_id=58479\" frameborder=\"0\" allow=\"autoplay; fullscreen; picture-in-picture; clipboard-write\" style=\"position:absolute;top:0;left:0;width:100%;height:100%;\" title=\"Who Suffers_ (1)\"></iframe></div><br><br><h4 style=\"color:#001040\" ;=\"\">Lecture Presented Without Background Music</h4><div style=\"padding:56.25% 0 0 0;position:relative;\"><iframe src=\"https://player.vimeo.com/video/1009487834?h=d4bff384ca&amp;title=0&amp;byline=0&amp;portrait=0&amp;badge=0&amp;autopause=0&amp;player_id=0&amp;app_id=58479\" frameborder=\"0\" allow=\"autoplay; fullscreen; picture-in-picture; clipboard-write\" style=\"position:absolute;top:0;left:0;width:100%;height:100%;\" title=\"Who Suffers_ - No Music Track (1)\"></iframe></div>',11,'Who Suffers?'),(3,1,3,'2024-09-23 10:12:51','','<h4 style=\"color:#001040;\">Lecture Accompanied by Background Music&nbsp;<br></h4><br><div style=\"padding:56.25% 0 0 0;position:relative;\"><iframe src=\"https://player.vimeo.com/video/1008707855?title=0&amp;byline=0&amp;portrait=0&amp;badge=0&amp;autopause=0&amp;player_id=0&amp;app_id=58479\" frameborder=\"0\" allow=\"autoplay; fullscreen; picture-in-picture; clipboard-write\" style=\"position:absolute;top:0;left:0;width:100%;height:100%;\" title=\"How Many People Are Suffering_ (1)\"></iframe></div><br><br><br><br><h4 style=\"color:#001040;\">Lecture Presented Without Background Music<br></h4><div style=\"padding:56.25% 0 0 0;position:relative;\"><iframe src=\"https://player.vimeo.com/video/1008707487?title=0&amp;byline=0&amp;portrait=0&amp;badge=0&amp;autopause=0&amp;player_id=0&amp;app_id=58479\" frameborder=\"0\" allow=\"autoplay; fullscreen; picture-in-picture; clipboard-write\" style=\"position:absolute;top:0;left:0;width:100%;height:100%;\" title=\"How Many People Are Suffering_ - No Music Track (1) (1)\"></iframe></div><br><p><br></p>',30,'How may people are suffering?'),(4,1,100,'2024-09-23 10:12:54','','<h4 style=\"color:#001040;\">Lecture Accompanied by Background Music&nbsp;<br></h4><br><div style=\"padding:56.25% 0 0 0;position:relative;\"><iframe src=\"https://player.vimeo.com/video/1009487338?h=1782b02626&amp;title=0&amp;byline=0&amp;portrait=0&amp;badge=0&amp;autopause=0&amp;player_id=0&amp;app_id=58479\" frameborder=\"0\" allow=\"autoplay; fullscreen; picture-in-picture; clipboard-write\" style=\"position:absolute;top:0;left:0;width:100%;height:100%;\" title=\"Who Am I_ (1)\" width=\"1149px\" height=\"646px\"></iframe></div><br><br><br><br><h4 style=\"color:#001040;\">Lecture Presented Without Background Music<br></h4><div style=\"padding:56.25% 0 0 0;position:relative;\"><iframe src=\"https://player.vimeo.com/video/1009486851?h=39d4a62948&amp;title=0&amp;byline=0&amp;portrait=0&amp;badge=0&amp;autopause=0&amp;player_id=0&amp;app_id=58479\" frameborder=\"0\" allow=\"autoplay; fullscreen; picture-in-picture; clipboard-write\" style=\"position:absolute;top:0;left:0;width:100%;height:100%;\" title=\"Who Am I_ - No Music Track (1)\" width=\"822px\" height=\"587px\"></iframe><br></div><p><br></p>',31,'How may people are suffering?'),(5,1,4,'2024-09-23 10:18:58','','<h4 style=\"color:#001040;\">Lecture Accompanied by Background Music&nbsp;<br></h4><br><div style=\"padding:56.25% 0 0 0;position:relative;\"><iframe src=\"https://player.vimeo.com/video/1008719251?title=0&amp;byline=0&amp;portrait=0&amp;badge=0&amp;autopause=0&amp;player_id=0&amp;app_id=58479\" frameborder=\"0\" allow=\"autoplay; fullscreen; picture-in-picture; clipboard-write\" style=\"position:absolute;top:0;left:0;width:100%;height:100%;\" title=\"The Dangerous Red Flag Diagnoses (1)\"></iframe></div><br><br><br><br><h4 style=\"color:#001040;\">Lecture Presented Without Background Music<br></h4><div style=\"padding:56.25% 0 0 0;position:relative;\"><iframe src=\"https://player.vimeo.com/video/1008718616?title=0&amp;byline=0&amp;portrait=0&amp;badge=0&amp;autopause=0&amp;player_id=0&amp;app_id=58479\" frameborder=\"0\" allow=\"autoplay; fullscreen; picture-in-picture; clipboard-write\" style=\"position:absolute;top:0;left:0;width:100%;height:100%;\" title=\"The Dangerous Red Flag Diagnoses - No Muscic Track (1)\"></iframe></div><p><br></p>',34,'The Dangerous Red Flag Diagnoses'),(6,1,5,'2024-09-23 10:20:08','','<h4 style=\"color:#001040;\">Lecture Accompanied by Background Music&nbsp;<br></h4><br><div style=\"padding:56.25% 0 0 0;position:relative;\"><iframe src=\"https://player.vimeo.com/video/1008720221?title=0&amp;byline=0&amp;portrait=0&amp;badge=0&amp;autopause=0&amp;player_id=0&amp;app_id=58479\" frameborder=\"0\" allow=\"autoplay; fullscreen; picture-in-picture; clipboard-write\" style=\"position:absolute;top:0;left:0;width:100%;height:100%;\" title=\"The Global Costs of Back Pain (1)\"></iframe></div><br><br><br><br><h4 style=\"color:#001040;\">Lecture Presented Without Background Music<br></h4><div style=\"padding:56.25% 0 0 0;position:relative;\"><iframe src=\"https://player.vimeo.com/video/1008719821?title=0&amp;byline=0&amp;portrait=0&amp;badge=0&amp;autopause=0&amp;player_id=0&amp;app_id=58479\" frameborder=\"0\" allow=\"autoplay; fullscreen; picture-in-picture; clipboard-write\" style=\"position:absolute;top:0;left:0;width:100%;height:100%;\" title=\"The Global Costs of Back Pain - No Music Track (1)\"></iframe></div><p><br></p>',37,'The Global Costs of Back Pain'),(7,1,7,'2024-09-24 05:15:29','Chain of Links - Motion of Your Spine','<h4 style=\"color:#001040;\">Lecture Accompanied by Background Music&nbsp;<br></h4><br><div style=\"padding:56.25% 0 0 0;position:relative;\"><iframe src=\"https://player.vimeo.com/video/1008709873?title=0&amp;byline=0&amp;portrait=0&amp;badge=0&amp;autopause=0&amp;player_id=0&amp;app_id=58479\" frameborder=\"0\" allow=\"autoplay; fullscreen; picture-in-picture; clipboard-write\" style=\"position:absolute;top:0;left:0;width:100%;height:100%;\" title=\"Motion of Your Spine\"></iframe></div><br><br><br><br><h4 style=\"color:#001040;\">Lecture Presented Without Background Music<br></h4><div style=\"padding:56.25% 0 0 0;position:relative;\"><iframe src=\"https://player.vimeo.com/video/1008709680?title=0&amp;byline=0&amp;portrait=0&amp;badge=0&amp;autopause=0&amp;player_id=0&amp;app_id=58479\" frameborder=\"0\" allow=\"autoplay; fullscreen; picture-in-picture; clipboard-write\" style=\"position:absolute;top:0;left:0;width:100%;height:100%;\" title=\"Motion of Your Spine - No Music Track\"></iframe></div><p><br></p>\n',40,'Chain of Links - Motion of Your Spine'),(8,1,10,'2024-09-24 05:25:44','','<h4 style=\"color:#001040;\">Lecture Accompanied by Background Music&nbsp;<br></h4><br><div style=\"padding:56.25% 0 0 0;position:relative;\"><iframe src=\"https://player.vimeo.com/video/1008723361?title=0&amp;byline=0&amp;portrait=0&amp;badge=0&amp;autopause=0&amp;player_id=0&amp;app_id=58479\" frameborder=\"0\" allow=\"autoplay; fullscreen; picture-in-picture; clipboard-write\" style=\"position:absolute;top:0;left:0;width:100%;height:100%;\" title=\"Your Superamazing Nerves\"></iframe></div><br><br><br><br><h4 style=\"color:#001040;\">Lecture Presented Without Background Music<br></h4><div style=\"padding:56.25% 0 0 0;position:relative;\"><iframe src=\"https://player.vimeo.com/video/1008723038?title=0&amp;byline=0&amp;portrait=0&amp;badge=0&amp;autopause=0&amp;player_id=0&amp;app_id=58479\" frameborder=\"0\" allow=\"autoplay; fullscreen; picture-in-picture; clipboard-write\" style=\"position:absolute;top:0;left:0;width:100%;height:100%;\" title=\"Your Superamazing Nerves - No Sound Track\"></iframe></div><p><br></p>',43,'Framework of Life - Your Super Amazing Nerves'),(9,1,12,'2024-09-24 06:04:24','Re-Generational NOT De-Generationla!','<h4 style=\"color:#001040;\">Lecture Accompanied by Background Music&nbsp;<br></h4><br><div style=\"padding:56.25% 0 0 0;position:relative;\"><iframe src=\"https://player.vimeo.com/video/1008712138?title=0&amp;byline=0&amp;portrait=0&amp;badge=0&amp;autopause=0&amp;player_id=0&amp;app_id=58479\" frameborder=\"0\" allow=\"autoplay; fullscreen; picture-in-picture; clipboard-write\" style=\"position:absolute;top:0;left:0;width:100%;height:100%;\" title=\"Re-Generational NOT De-Generational!\"></iframe></div><br><br><br><br><h4 style=\"color:#001040;\">Lecture Presented Without Background Music<br></h4><div style=\"padding:56.25% 0 0 0;position:relative;\"><iframe src=\"https://player.vimeo.com/video/1008712473?title=0&amp;byline=0&amp;portrait=0&amp;badge=0&amp;autopause=0&amp;player_id=0&amp;app_id=58479\" frameborder=\"0\" allow=\"autoplay; fullscreen; picture-in-picture; clipboard-write\" style=\"position:absolute;top:0;left:0;width:100%;height:100%;\" title=\"Re-Generational NOT De-Generational, No Music Track\"></iframe></div><p><br></p>',46,'Re-Generational NOT De-Generational!'),(10,1,14,'2024-09-24 06:10:30','The 6 steps of proper posture and the 6 steps of poor posture','<h4 style=\"color:#001040;\">Lecture Accompanied by Background Music&nbsp;<br></h4><br><div style=\"padding:56.25% 0 0 0;position:relative;\"><iframe src=\"https://player.vimeo.com/video/1008717692?title=0&amp;byline=0&amp;portrait=0&amp;badge=0&amp;autopause=0&amp;player_id=0&amp;app_id=58479\" frameborder=\"0\" allow=\"autoplay; fullscreen; picture-in-picture; clipboard-write\" style=\"position:absolute;top:0;left:0;width:100%;height:100%;\" title=\"The 6 Steps of Proper Posture and the 6 Steps of Poor Posture\"></iframe></div><br><br><br><br><h4 style=\"color:#001040;\">Lecture Presented Without Background Music<br></h4><div style=\"padding:56.25% 0 0 0;position:relative;\"><iframe src=\"https://player.vimeo.com/video/1008716745?title=0&amp;byline=0&amp;portrait=0&amp;badge=0&amp;autopause=0&amp;player_id=0&amp;app_id=58479\" frameborder=\"0\" allow=\"autoplay; fullscreen; picture-in-picture; clipboard-write\" style=\"position:absolute;top:0;left:0;width:100%;height:100%;\" title=\"The 6 Steps of Proper Posture and the 6 Steps of Poor Posture, No Music Track\"></iframe></div><p><br></p>',49,'The 6 Steps of Proper Posture and the 6 Steps of Poor Posture'),(11,1,15,'2024-09-24 06:16:07','Posture and Balance: \"Skier\'s Poise\" with Aspen Supercoach Ned Ryan','<h4 style=\"color:#001040;\">Lecture Presented Without Background Music<br></h4><br><div style=\"padding:56.25% 0 0 0;position:relative;\"><iframe src=\"https://player.vimeo.com/video/1008712815?title=0&amp;byline=0&amp;portrait=0&amp;badge=0&amp;autopause=0&amp;player_id=0&amp;app_id=58479\" frameborder=\"0\" allow=\"autoplay; fullscreen; picture-in-picture; clipboard-write\" style=\"position:absolute;top:0;left:0;width:100%;height:100%;\" title=\"Skier\'s Poise with Aspen Supercoach Ned Ryerson, No Music Track\"></iframe></div>\n',52,'Posture and Balance: “Skier’s Poise” with Aspen Supercoach Ned Ryan'),(12,1,16,'2024-09-24 06:19:11','Backbone of Confidence - Helps Is on the Way!','<h4 style=\"color:#001040;\">Lecture Accompanied by Background Music&nbsp;<br></h4><br><div style=\"padding:56.25% 0 0 0;position:relative;\"><iframe src=\"https://player.vimeo.com/video/1008704854?title=0&amp;byline=0&amp;portrait=0&amp;badge=0&amp;autopause=0&amp;player_id=0&amp;app_id=58479\" frameborder=\"0\" allow=\"autoplay; fullscreen; picture-in-picture; clipboard-write\" style=\"position:absolute;top:0;left:0;width:100%;height:100%;\" title=\"Backbone of Confidence, Help Is On The Way!\"></iframe></div><br><br><br><br><h4 style=\"color:#001040;\">Lecture Presented Without Background Music<br></h4><div style=\"padding:56.25% 0 0 0;position:relative;\"><iframe src=\"https://player.vimeo.com/video/1008704464?title=0&amp;byline=0&amp;portrait=0&amp;badge=0&amp;autopause=0&amp;player_id=0&amp;app_id=58479\" frameborder=\"0\" allow=\"autoplay; fullscreen; picture-in-picture; clipboard-write\" style=\"position:absolute;top:0;left:0;width:100%;height:100%;\" title=\"Backbone of Confidence, Help Is On The Way! No Music Track\"></iframe></div><p><br></p>',55,'Backbone of Confidence - Help Is on the Way!'),(13,1,17,'2024-09-24 06:23:09','The Cranes\'s Precision - Lifting, Handling and Delivery','<h4 style=\"color:#001040;\">Lecture Accompanied by Background Music&nbsp;<br></h4><br><div style=\"padding:56.25% 0 0 0;position:relative;\"><iframe src=\"https://player.vimeo.com/video/1008708953?title=0&amp;byline=0&amp;portrait=0&amp;badge=0&amp;autopause=0&amp;player_id=0&amp;app_id=58479\" frameborder=\"0\" allow=\"autoplay; fullscreen; picture-in-picture; clipboard-write\" style=\"position:absolute;top:0;left:0;width:100%;height:100%;\" title=\"Lifting, Handling and Delivery\"></iframe></div><br><br><br><br><h4 style=\"color:#001040;\">Lecture Presented Without Background Music<br></h4><div style=\"padding:56.25% 0 0 0;position:relative;\"><iframe src=\"https://player.vimeo.com/video/1008708234?title=0&amp;byline=0&amp;portrait=0&amp;badge=0&amp;autopause=0&amp;player_id=0&amp;app_id=58479\" frameborder=\"0\" allow=\"autoplay; fullscreen; picture-in-picture; clipboard-write\" style=\"position:absolute;top:0;left:0;width:100%;height:100%;\" title=\"Lifting, Handling and Delivery, No Music Track\"></iframe></div><p><br></p>',58,'The Crane’s Precision - Lifting, Handling, and Delivery'),(14,1,18,'2024-09-24 06:25:15','A Conversation with Negong Grandmaster James Ran','<h4 style=\"color:#001040;\">Lecture Presented Without Background Music<br></h4><br><div style=\"padding:56.25% 0 0 0;position:relative;\"><iframe src=\"https://player.vimeo.com/video/1008703834?title=0&amp;byline=0&amp;portrait=0&amp;badge=0&amp;autopause=0&amp;player_id=0&amp;app_id=58479\" frameborder=\"0\" allow=\"autoplay; fullscreen; picture-in-picture; clipboard-write\" style=\"position:absolute;top:0;left:0;width:100%;height:100%;\" title=\"A Conversation with Grandmaster James Ran (1)\"></iframe></div>',61,'A Conversation with Negong Grandmaster James Ran'),(15,1,8,'2024-10-05 05:25:12','Pillar Of Strength','<h4 style=\"color:#001040;\">Lecture Accompanied by Background Music&nbsp;<br></h4><br><div style=\"padding:56.25% 0 0 0;position:relative;\"><iframe src=\"https://player.vimeo.com/video/1008710498?title=0&amp;byline=0&amp;portrait=0&amp;badge=0&amp;autopause=0&amp;player_id=0&amp;app_id=58479\" frameborder=\"0\" allow=\"autoplay; fullscreen; picture-in-picture; clipboard-write\" style=\"position:absolute;top:0;left:0;width:100%;height:100%;\" title=\"Muscles of Your Spine\"></iframe></div><br><br><br><br><h4 style=\"color:#001040;\">Lecture Presented Without Background Music<br></h4><div style=\"padding:56.25% 0 0 0;position:relative;\"><iframe src=\"https://player.vimeo.com/video/1008710036?title=0&amp;byline=0&amp;portrait=0&amp;badge=0&amp;autopause=0&amp;player_id=0&amp;app_id=58479\" frameborder=\"0\" allow=\"autoplay; fullscreen; picture-in-picture; clipboard-write\" style=\"position:absolute;top:0;left:0;width:100%;height:100%;\" title=\"Muscles of Your Spine - No Music Track\"></iframe></div><p><br></p>',NULL,'Pillar of Strength - Muscles of Your Spine'),(16,1,8,'2024-10-05 05:25:21','Pillar Of Strength','<h4 style=\"color:#001040;\">Lecture Accompanied by Background Music&nbsp;<br></h4><br><div style=\"padding:56.25% 0 0 0;position:relative;\"><iframe src=\"https://player.vimeo.com/video/1008710498?title=0&amp;byline=0&amp;portrait=0&amp;badge=0&amp;autopause=0&amp;player_id=0&amp;app_id=58479\" frameborder=\"0\" allow=\"autoplay; fullscreen; picture-in-picture; clipboard-write\" style=\"position:absolute;top:0;left:0;width:100%;height:100%;\" title=\"Muscles of Your Spine\"></iframe></div><br><br><br><br><h4 style=\"color:#001040;\">Lecture Presented Without Background Music<br></h4><div style=\"padding:56.25% 0 0 0;position:relative;\"><iframe src=\"https://player.vimeo.com/video/1008710036?title=0&amp;byline=0&amp;portrait=0&amp;badge=0&amp;autopause=0&amp;player_id=0&amp;app_id=58479\" frameborder=\"0\" allow=\"autoplay; fullscreen; picture-in-picture; clipboard-write\" style=\"position:absolute;top:0;left:0;width:100%;height:100%;\" title=\"Muscles of Your Spine - No Music Track\"></iframe></div><p><br></p>',69,'Pillar of Strength - Muscles of Your Spine'),(17,1,6,'2024-10-05 05:30:21','All About Your Spine','<h4 style=\"color:#001040;\">Lecture Accompanied by Background Music&nbsp;<br></h4><br><div style=\"padding:56.25% 0 0 0;position:relative;\"><iframe src=\"https://player.vimeo.com/video/1008704008?title=0&amp;byline=0&amp;portrait=0&amp;badge=0&amp;autopause=0&amp;player_id=0&amp;app_id=58479\" frameborder=\"0\" allow=\"autoplay; fullscreen; picture-in-picture; clipboard-write\" style=\"position:absolute;top:0;left:0;width:100%;height:100%;\" title=\"All About Your Spine Introduction\"></iframe></div><br><br><br><br><h4 style=\"color:#001040;\">Lecture Presented Without Background Music<br></h4><div style=\"padding:56.25% 0 0 0;position:relative;\"><iframe src=\"https://player.vimeo.com/video/1008704234?title=0&amp;byline=0&amp;portrait=0&amp;badge=0&amp;autopause=0&amp;player_id=0&amp;app_id=58479\" frameborder=\"0\" allow=\"autoplay; fullscreen; picture-in-picture; clipboard-write\" style=\"position:absolute;top:0;left:0;width:100%;height:100%;\" title=\"All About Your Spine Introduction_ No Music Track\"></iframe></div><p><br></p>',71,'All About Your Spine'),(18,1,9,'2024-10-05 07:06:34','Wear of Your Backbone - Degeneration of the Spine','<h4 style=\"color:#001040;\">Lecture Accompanied by Background Music&nbsp;<br></h4><br><div style=\"padding:56.25% 0 0 0;position:relative;\"><iframe src=\"https://player.vimeo.com/video/1008706969?title=0&amp;byline=0&amp;portrait=0&amp;badge=0&amp;autopause=0&amp;player_id=0&amp;app_id=58479\" frameborder=\"0\" allow=\"autoplay; fullscreen; picture-in-picture; clipboard-write\" style=\"position:absolute;top:0;left:0;width:100%;height:100%;\" title=\"Degeneration of Your Spine\"></iframe></div><br><br><br><br><h4 style=\"color:#001040;\">Lecture Presented Without Background Music<br></h4><div style=\"padding:56.25% 0 0 0;position:relative;\"><iframe src=\"https://player.vimeo.com/video/1008706468?title=0&amp;byline=0&amp;portrait=0&amp;badge=0&amp;autopause=0&amp;player_id=0&amp;app_id=58479\" frameborder=\"0\" allow=\"autoplay; fullscreen; picture-in-picture; clipboard-write\" style=\"position:absolute;top:0;left:0;width:100%;height:100%;\" title=\"Degeneration of the Spine - No Music Track\"></iframe></div><p><br></p>',74,'Wear of Your Backbone - Degeneration of the Spine');
/*!40000 ALTER TABLE `pages` ENABLE KEYS */;
UNLOCK TABLES;

--
-- Table structure for table `quiz`
--

DROP TABLE IF EXISTS `quiz`;
/*!40101 SET @saved_cs_client     = @@character_set_client */;
/*!50503 SET character_set_client = utf8mb4 */;
CREATE TABLE `quiz` (
  `quiz_id` int NOT NULL AUTO_INCREMENT,
  `courseid` int DEFAULT NULL,
  `moduleid` int DEFAULT NULL,
  `max_no_of_questions` int DEFAULT NULL,
  `question_ids` json DEFAULT NULL,
  `context_id` int DEFAULT NULL,
  `type_of_section` int DEFAULT NULL,
  `max_no_of_attempts` int DEFAULT NULL,
  `max_score` decimal(10,2) DEFAULT NULL,
  `max_grade` decimal(10,2) DEFAULT NULL,
  `pass_grade` decimal(10,2) DEFAULT NULL,
  `min_grade` decimal(10,2) DEFAULT NULL,
  `difficulty_level` varchar(50) DEFAULT NULL,
  `quiz_name` varchar(255) DEFAULT NULL,
  `quiz_type_id` int DEFAULT NULL,
  PRIMARY KEY (`quiz_id`),
  KEY `fk_quiz_context` (`context_id`),
  KEY `fk_quiz_course` (`courseid`),
  KEY `fk_quiz_module` (`moduleid`),
  KEY `fk_quiz_type` (`quiz_type_id`),
  CONSTRAINT `fk_quiz_context` FOREIGN KEY (`context_id`) REFERENCES `context` (`context_id`),
  CONSTRAINT `fk_quiz_course` FOREIGN KEY (`courseid`) REFERENCES `courses` (`courseid`),
  CONSTRAINT `fk_quiz_module` FOREIGN KEY (`moduleid`) REFERENCES `modules` (`moduleid`),
  CONSTRAINT `fk_quiz_type` FOREIGN KEY (`quiz_type_id`) REFERENCES `quiz_type` (`quiz_type_id`)
) ENGINE=InnoDB AUTO_INCREMENT=33 DEFAULT CHARSET=utf8mb4 COLLATE=utf8mb4_0900_ai_ci;
/*!40101 SET character_set_client = @saved_cs_client */;

--
-- Dumping data for table `quiz`
--

LOCK TABLES `quiz` WRITE;
/*!40000 ALTER TABLE `quiz` DISABLE KEYS */;
INSERT INTO `quiz` VALUES (1,1,1,3,'[1, 2, 3]',7,1,NULL,NULL,NULL,NULL,NULL,NULL,NULL,1),(2,1,1,3,'[1, 2, 3]',9,1,NULL,NULL,NULL,NULL,NULL,NULL,NULL,2),(3,1,2,5,'[4, 5, 6, 7, 8]',10,1,NULL,NULL,NULL,NULL,NULL,NULL,NULL,1),(4,1,2,5,'[4, 5, 6, 7, 8]',12,1,NULL,NULL,NULL,NULL,NULL,NULL,NULL,2),(5,1,3,3,'[9, 10, 11]',29,1,NULL,NULL,NULL,NULL,NULL,NULL,NULL,1),(6,1,3,3,'[9, 10, 11]',32,1,NULL,NULL,NULL,NULL,NULL,NULL,NULL,2),(7,1,4,5,'[12, 13, 14, 15, 16]',33,1,NULL,NULL,NULL,NULL,NULL,NULL,NULL,1),(8,1,4,5,'[12, 13, 14, 15, 16]',35,1,NULL,NULL,NULL,NULL,NULL,NULL,NULL,2),(9,1,5,3,'[17, 18, 19]',36,1,NULL,NULL,NULL,NULL,NULL,NULL,NULL,1),(10,1,5,3,'[17, 18, 19]',38,1,NULL,NULL,NULL,NULL,NULL,NULL,NULL,2),(11,1,7,1,'[25]',39,1,NULL,NULL,NULL,NULL,NULL,NULL,NULL,1),(12,1,7,1,'[25]',41,1,NULL,NULL,NULL,NULL,NULL,NULL,NULL,2),(13,1,10,2,'[35, 36]',42,1,NULL,NULL,NULL,NULL,NULL,NULL,NULL,1),(14,1,10,2,'[35, 36]',44,1,NULL,NULL,NULL,NULL,NULL,NULL,NULL,2),(15,1,12,6,'[37, 38, 39, 40, 41, 42]',45,1,NULL,NULL,NULL,NULL,NULL,NULL,NULL,1),(16,1,12,6,'[37, 38, 39, 40, 41, 42]',47,1,NULL,NULL,NULL,NULL,NULL,NULL,NULL,2),(17,1,14,7,'[50, 51, 52, 53, 55, 56, 57]',48,1,NULL,NULL,NULL,NULL,NULL,NULL,NULL,1),(18,1,14,8,'[50, 51, 52, 53, 54, 55, 56, 57]',50,1,NULL,NULL,NULL,NULL,NULL,NULL,NULL,2),(19,1,15,4,'[58, 59, 60, 61]',51,1,NULL,NULL,NULL,NULL,NULL,NULL,NULL,1),(20,1,15,4,'[58, 59, 60, 61]',53,1,NULL,NULL,NULL,NULL,NULL,NULL,NULL,2),(21,1,16,10,'[62, 63, 64, 65, 66, 67, 68, 69, 70, 71]',54,1,NULL,NULL,NULL,NULL,NULL,NULL,NULL,1),(22,1,16,10,'[62, 63, 64, 65, 66, 67, 68, 69, 70, 71]',56,1,NULL,NULL,NULL,NULL,NULL,NULL,NULL,2),(23,1,17,6,'[72, 73, 74, 75, 76, 77]',57,1,NULL,NULL,NULL,NULL,NULL,NULL,NULL,1),(24,1,17,6,'[72, 73, 74, 75, 76, 77]',59,1,NULL,NULL,NULL,NULL,NULL,NULL,NULL,2),(25,1,18,1,'[78]',60,1,NULL,NULL,NULL,NULL,NULL,NULL,NULL,1),(26,1,18,1,'[78]',62,1,NULL,NULL,NULL,NULL,NULL,NULL,NULL,2),(27,1,6,0,'[20, 21, 22, 23, 24, 83]',66,1,NULL,NULL,NULL,NULL,NULL,NULL,NULL,1),(28,1,8,6,'[26, 27, 28, 29, 30, 84]',67,1,NULL,NULL,NULL,NULL,NULL,NULL,NULL,1),(29,1,8,6,'[26, 27, 28, 29, 30, 84]',70,1,NULL,NULL,NULL,NULL,NULL,NULL,NULL,2),(30,1,6,6,'[20, 21, 22, 23, 24, 83]',72,1,NULL,NULL,NULL,NULL,NULL,NULL,NULL,2),(31,1,9,6,'[31, 32, 33, 34, 85, 86]',73,1,NULL,NULL,NULL,NULL,NULL,NULL,NULL,1),(32,1,9,6,'[31, 32, 33, 34, 85, 86]',75,1,NULL,NULL,NULL,NULL,NULL,NULL,NULL,2);
/*!40000 ALTER TABLE `quiz` ENABLE KEYS */;
UNLOCK TABLES;

--
-- Table structure for table `quiz_attempt`
--

DROP TABLE IF EXISTS `quiz_attempt`;
/*!40101 SET @saved_cs_client     = @@character_set_client */;
/*!50503 SET character_set_client = utf8mb4 */;
CREATE TABLE `quiz_attempt` (
  `id` bigint unsigned NOT NULL AUTO_INCREMENT,
  `user_id` int NOT NULL,
  `result` json NOT NULL,
  `attempt_count` int NOT NULL DEFAULT '0',
  `assessment_type` varchar(50) NOT NULL,
  `attempt_timestamp` timestamp NULL DEFAULT CURRENT_TIMESTAMP,
  `score` int DEFAULT NULL,
  `moduleid` int DEFAULT NULL,
  PRIMARY KEY (`id`),
  UNIQUE KEY `id` (`id`)
) ENGINE=InnoDB AUTO_INCREMENT=80 DEFAULT CHARSET=utf8mb4 COLLATE=utf8mb4_0900_ai_ci;
/*!40101 SET character_set_client = @saved_cs_client */;

--
-- Dumping data for table `quiz_attempt`
--

LOCK TABLES `quiz_attempt` WRITE;
/*!40000 ALTER TABLE `quiz_attempt` DISABLE KEYS */;
INSERT INTO `quiz_attempt` VALUES (1,3,'[{\"correct\": false, \"question_id\": 1, \"user_answer\": \"60 pounds at a 60-degree tilt\"}, {\"correct\": true, \"question_id\": 2, \"user_answer\": \"All of the above\"}, {\"correct\": true, \"question_id\": 3, \"user_answer\": \"All of the above are ways meditation can help relieve back pain.\"}]',1,'1','2024-09-23 10:04:27',67,1),(2,3,'[{\"correct\": true, \"question_id\": 1, \"user_answer\": \"All the above statements are correct\"}, {\"correct\": true, \"question_id\": 2, \"user_answer\": \"All of the above\"}, {\"correct\": true, \"question_id\": 3, \"user_answer\": \"All of the above are ways meditation can help relieve back pain.\"}]',1,'2','2024-09-23 10:05:01',100,1),(3,3,'[{\"correct\": true, \"question_id\": 1, \"user_answer\": \"All the above statements are correct\"}, {\"correct\": true, \"question_id\": 2, \"user_answer\": \"All of the above\"}, {\"correct\": true, \"question_id\": 3, \"user_answer\": \"All of the above are ways meditation can help relieve back pain.\"}]',2,'1','2024-09-23 10:08:34',100,1),(4,3,'[{\"correct\": false, \"question_id\": 1, \"user_answer\": \"49 pounds at 45 degrees tilt\"}, {\"correct\": true, \"question_id\": 2, \"user_answer\": \"All of the above\"}, {\"correct\": true, \"question_id\": 3, \"user_answer\": \"All of the above are ways meditation can help relieve back pain.\"}]',3,'1','2024-09-23 10:09:10',67,1),(5,3,'[{\"correct\": true, \"question_id\": 1, \"user_answer\": \"All the above statements are correct\"}, {\"correct\": true, \"question_id\": 2, \"user_answer\": \"All of the above\"}, {\"correct\": false, \"question_id\": 3, \"user_answer\": \"Regular meditation increases blood flow to back muscles, aiding in healing and pain relief. \"}]',2,'2','2024-09-23 10:09:22',67,1),(6,3,'[{\"correct\": false, \"question_id\": 12, \"user_answer\": \"Watch your calcium intake\"}, {\"correct\": true, \"question_id\": 13, \"user_answer\": \"All of the above\"}, {\"correct\": true, \"question_id\": 14, \"user_answer\": \"All of the above\"}, {\"correct\": true, \"question_id\": 15, \"user_answer\": \"Both are correct\"}, {\"correct\": true, \"question_id\": 16, \"user_answer\": \"True\"}]',1,'1','2024-09-23 10:25:43',80,4),(7,3,'[{\"correct\": true, \"question_id\": 1, \"user_answer\": \"All the above statements are correct\"}, {\"correct\": true, \"question_id\": 2, \"user_answer\": \"All of the above\"}, {\"correct\": true, \"question_id\": 3, \"user_answer\": \"All of the above are ways meditation can help relieve back pain.\"}]',4,'1','2024-09-24 06:59:38',100,1),(8,3,'[{\"correct\": false, \"question_id\": 1, \"user_answer\": \"60 pounds at a 60-degree tilt\"}, {\"correct\": true, \"question_id\": 2, \"user_answer\": \"All of the above\"}, {\"correct\": true, \"question_id\": 3, \"user_answer\": \"All of the above are ways meditation can help relieve back pain.\"}]',3,'2','2024-09-24 06:59:56',67,1),(9,3,'[{\"correct\": false, \"question_id\": 4, \"user_answer\": \"1000 Hrs\"}, {\"correct\": false, \"question_id\": 5, \"user_answer\": \"5/5\"}, {\"correct\": true, \"question_id\": 6, \"user_answer\": \"All of the above\"}, {\"correct\": false, \"question_id\": 7, \"user_answer\": \"250,000 pounds\"}, {\"correct\": true, \"question_id\": 8, \"user_answer\": \"All the above\"}]',1,'1','2024-09-24 07:41:56',40,2),(10,3,'[{\"correct\": true, \"question_id\": 1, \"user_answer\": \"All the above statements are correct\"}, {\"correct\": true, \"question_id\": 2, \"user_answer\": \"All of the above\"}, {\"correct\": true, \"question_id\": 3, \"user_answer\": \"All of the above are ways meditation can help relieve back pain.\"}]',5,'1','2024-09-24 10:00:48',100,1),(11,3,'[{\"correct\": false, \"question_id\": 1, \"user_answer\": \"60 pounds at a 60-degree tilt\"}, {\"correct\": true, \"question_id\": 2, \"user_answer\": \"All of the above\"}, {\"correct\": true, \"question_id\": 3, \"user_answer\": \"All of the above are ways meditation can help relieve back pain.\"}]',4,'2','2024-09-24 10:01:07',67,1),(12,3,'[{\"correct\": false, \"question_id\": 1, \"user_answer\": \"60 pounds at a 60-degree tilt\"}, {\"correct\": false, \"question_id\": 2, \"user_answer\": \"Neurologist \"}, {\"correct\": false, \"question_id\": 3, \"user_answer\": \"Regular meditation increases blood flow to back muscles, aiding in healing and pain relief. \"}]',6,'1','2024-09-24 10:05:30',0,1),(13,3,'[{\"correct\": true, \"question_id\": 1, \"user_answer\": \"All the above statements are correct\"}, {\"correct\": true, \"question_id\": 2, \"user_answer\": \"All of the above\"}, {\"correct\": true, \"question_id\": 3, \"user_answer\": \"All of the above are ways meditation can help relieve back pain.\"}]',5,'2','2024-09-24 10:05:43',100,1),(14,3,'[{\"correct\": true, \"question_id\": 1, \"user_answer\": \"All the above statements are correct\"}, {\"correct\": true, \"question_id\": 2, \"user_answer\": \"All of the above\"}, {\"correct\": false, \"question_id\": 3, \"user_answer\": \"By improving posture awareness, meditation can lead to better spinal alignment.\"}]',7,'1','2024-09-24 10:09:10',67,1),(15,3,'[{\"correct\": true, \"question_id\": 1, \"user_answer\": \"All the above statements are correct\"}, {\"correct\": false, \"question_id\": 2, \"user_answer\": \"Neurologist \"}, {\"correct\": true, \"question_id\": 3, \"user_answer\": \"All of the above are ways meditation can help relieve back pain.\"}]',6,'2','2024-09-24 10:09:31',67,1),(16,3,'[{\"correct\": true, \"question_id\": 1, \"user_answer\": \"All the above statements are correct\"}, {\"correct\": true, \"question_id\": 2, \"user_answer\": \"All of the above\"}, {\"correct\": false, \"question_id\": 3, \"user_answer\": \"Meditation reduces muscle tension and stress, which are common contributors to back pain.\"}]',8,'1','2024-09-24 10:10:40',67,1),(17,3,'[{\"correct\": false, \"question_id\": 1, \"user_answer\": \"60 pounds at a 60-degree tilt\"}, {\"correct\": true, \"question_id\": 2, \"user_answer\": \"All of the above\"}, {\"correct\": true, \"question_id\": 3, \"user_answer\": \"All of the above are ways meditation can help relieve back pain.\"}]',7,'2','2024-09-24 10:10:57',67,1),(18,3,'[{\"correct\": false, \"question_id\": 12, \"user_answer\": \"Watch your calcium intake\"}, {\"correct\": true, \"question_id\": 13, \"user_answer\": \"All of the above\"}, {\"correct\": true, \"question_id\": 14, \"user_answer\": \"All of the above\"}, {\"correct\": true, \"question_id\": 15, \"user_answer\": \"Both are correct\"}, {\"correct\": true, \"question_id\": 16, \"user_answer\": \"True\"}]',2,'1','2024-09-27 05:25:10',80,4),(19,3,'[{\"correct\": false, \"question_id\": 17, \"user_answer\": \"$156,000,000,000,000 - trillions\"}, {\"correct\": true, \"question_id\": 18, \"user_answer\": \"$300 - 500 $Billion\"}, {\"correct\": false, \"question_id\": 19, \"user_answer\": \"Loss of self esteem\"}]',1,'1','2024-09-27 05:29:19',33,5),(20,3,'[{\"correct\": false, \"question_id\": 35, \"user_answer\": \"Position sensation fibers so that you know where all your body parts are always.\"}, {\"correct\": false, \"question_id\": 36, \"user_answer\": \"When you are deeply relaxed, perhaps, with meditation, yoga and deep belly, breathing,  the arteries of the nerves, expand, the veins work better promoting the metabolism of the nerve, making it less likely for the nerve to be painful. \"}]',1,'1','2024-09-27 05:32:22',0,10),(21,0,'[{\"correct\": false, \"question_id\": 1, \"user_answer\": \"49 pounds at 45 degrees tilt\"}, {\"correct\": false, \"question_id\": 2, \"user_answer\": \"Family Practitioner \"}, {\"correct\": false, \"question_id\": 3, \"user_answer\": \"Regular meditation increases blood flow to back muscles, aiding in healing and pain relief. \"}]',1,'1','2024-09-28 04:26:53',0,1),(22,0,'[{\"correct\": false, \"question_id\": 1, \"user_answer\": \"60 pounds at a 60-degree tilt\"}, {\"correct\": false, \"question_id\": 2, \"user_answer\": \"Internal Medicine Doctor \"}, {\"correct\": true, \"question_id\": 3, \"user_answer\": \"All of the above are ways meditation can help relieve back pain.\"}]',2,'1','2024-09-28 04:27:20',33,1),(23,0,'[{\"correct\": false, \"question_id\": 1, \"user_answer\": \"49 pounds at 45 degrees tilt\"}, {\"correct\": false, \"question_id\": 2, \"user_answer\": \"Family Practitioner \"}, {\"correct\": false, \"question_id\": 3, \"user_answer\": \"Regular meditation increases blood flow to back muscles, aiding in healing and pain relief. \"}]',1,'2','2024-09-28 04:27:57',0,1),(24,0,'[{\"correct\": false, \"question_id\": 1, \"user_answer\": \"49 pounds at 45 degrees tilt\"}, {\"correct\": false, \"question_id\": 2, \"user_answer\": \"Osteopathic Physician\"}, {\"correct\": false, \"question_id\": 3, \"user_answer\": \"By improving posture awareness, meditation can lead to better spinal alignment.\"}]',3,'1','2024-09-28 04:39:18',0,1),(25,0,'[{\"correct\": false, \"question_id\": 1, \"user_answer\": \"40 pounds at 30 degrees tilt\"}, {\"correct\": false, \"question_id\": 2, \"user_answer\": \"Chiropractor\"}, {\"correct\": false, \"question_id\": 3, \"user_answer\": \"Meditation reduces muscle tension and stress, which are common contributors to back pain.\"}]',4,'1','2024-09-28 04:42:50',0,1),(26,0,'[{\"correct\": false, \"question_id\": 1, \"user_answer\": \"60 pounds at a 60-degree tilt\"}, {\"correct\": false, \"question_id\": 2, \"user_answer\": \"Internal Medicine Doctor \"}, {\"correct\": true, \"question_id\": 3, \"user_answer\": \"All of the above are ways meditation can help relieve back pain.\"}]',5,'1','2024-09-28 05:19:11',33,1),(27,3,'[{\"question_id\": 20, \"user_answer\": \"Known as the \\\"Neck,” labeled in orange,  this segment comprises 7 cervical vertebrae. It features a gentle C-shaped curvature, known as lordosis, which plays a crucial role in supporting the head and facilitating its range of motion.\"}, {\"question_id\": 21, \"user_answer\": \"Referred to as the \\\"Midback,” labelled in blue this portion contains 12 thoracic vertebrae. It exhibits a gentle reverse C-shaped curve, or kyphosis, which is essential for the stability of the upper body and protection of the thoracic organs.\"}, {\"question_id\": 22, \"user_answer\": \"Commonly called the \\\"Lower Back,\\\" labelled in purple, this area consists of 5 lumbar vertebrae, although variations exist, with some individuals having 4 or 6 lumbar vertebrae due to anatomical differences. This segment has a C-shaped lordotic curve, providing strength and flexibility to the lower back.\"}, {\"question_id\": 23, \"user_answer\": \"The final segment, known as the ”Coccyx or Distal Tailbone,” unlabeled below the sacrum in red consists of 3 to 5 fused vertebrae. It forms the terminus of the vertebral column and, despite its small size, serves as an attachment site for ligaments and muscles of the pelvic floor.\"}, {\"question_id\": 24, \"user_answer\": \"Encased within the pelvis, the “Sacrum”, labelled in red  often termed the \\\"Tailbone,\\\" comprises 5 fused vertebrae, forming a solid structure at the base of the spine. It supports the weight of the upper body and distributes it across the pelvis.\"}]',1,'1','2024-10-04 09:15:02',100,6),(28,3,'[{\"question_id\": 1, \"user_answer\": \"All the above statements are correct\"}, {\"question_id\": 2, \"user_answer\": \"All of the above\"}, {\"question_id\": 3, \"user_answer\": \"All of the above are ways meditation can help relieve back pain.\"}]',9,'1','2024-10-04 09:16:39',0,1),(29,3,'[{\"question_id\": 4, \"user_answer\": \"3000 Hrs\"}, {\"question_id\": 5, \"user_answer\": \"1/5\"}, {\"question_id\": 6, \"user_answer\": \"All of the above\"}, {\"question_id\": 7, \"user_answer\": \"500,000 pounds\"}, {\"question_id\": 8, \"user_answer\": \"All the above\"}]',2,'1','2024-10-04 09:17:40',0,2),(30,3,'[{\"correct\": false, \"question_id\": 4, \"user_answer\": \"3000 Hrs\"}, {\"correct\": true, \"question_id\": 5, \"user_answer\": \"1/5\"}, {\"correct\": true, \"question_id\": 6, \"user_answer\": \"All of the above\"}, {\"correct\": true, \"question_id\": 7, \"user_answer\": \"500,000 pounds\"}, {\"correct\": true, \"question_id\": 8, \"user_answer\": \"All the above\"}]',3,'1','2024-10-04 09:19:08',80,2),(31,3,'[{\"correct\": true, \"question_id\": 20, \"user_answer\": \"Known as the \\\"Neck,” labeled in orange,  this segment comprises 7 cervical vertebrae. It features a gentle C-shaped curvature, known as lordosis, which plays a crucial role in supporting the head and facilitating its range of motion.\"}, {\"correct\": true, \"question_id\": 21, \"user_answer\": \"Referred to as the \\\"Midback,” labelled in blue this portion contains 12 thoracic vertebrae. It exhibits a gentle reverse C-shaped curve, or kyphosis, which is essential for the stability of the upper body and protection of the thoracic organs.\"}, {\"correct\": true, \"question_id\": 22, \"user_answer\": \"Commonly called the \\\"Lower Back,\\\" labelled in purple, this area consists of 5 lumbar vertebrae, although variations exist, with some individuals having 4 or 6 lumbar vertebrae due to anatomical differences. This segment has a C-shaped lordotic curve, providing strength and flexibility to the lower back.\"}, {\"correct\": false, \"question_id\": 23, \"user_answer\": \"The final segment, known as the ”Coccyx or Distal Tailbone,” unlabeled below the sacrum in red consists of 3 to 5 fused vertebrae. It forms the terminus of the vertebral column and, despite its small size, serves as an attachment site for ligaments and muscles of the pelvic floor.\"}, {\"correct\": false, \"question_id\": 24, \"user_answer\": \"Encased within the pelvis, the “Sacrum”, labelled in red  often termed the \\\"Tailbone,\\\" comprises 5 fused vertebrae, forming a solid structure at the base of the spine. It supports the weight of the upper body and distributes it across the pelvis.\"}]',2,'1','2024-10-04 09:19:42',160,6),(32,3,'[{\"correct\": true, \"question_id\": 20, \"user_answer\": \"Known as the \\\"Neck,” labeled in orange,  this segment comprises 7 cervical vertebrae. It features a gentle C-shaped curvature, known as lordosis, which plays a crucial role in supporting the head and facilitating its range of motion.\"}, {\"correct\": true, \"question_id\": 21, \"user_answer\": \"Referred to as the \\\"Midback,” labelled in blue this portion contains 12 thoracic vertebrae. It exhibits a gentle reverse C-shaped curve, or kyphosis, which is essential for the stability of the upper body and protection of the thoracic organs.\"}, {\"correct\": true, \"question_id\": 22, \"user_answer\": \"Commonly called the \\\"Lower Back,\\\" labelled in purple, this area consists of 5 lumbar vertebrae, although variations exist, with some individuals having 4 or 6 lumbar vertebrae due to anatomical differences. This segment has a C-shaped lordotic curve, providing strength and flexibility to the lower back.\"}, {\"correct\": true, \"question_id\": 23, \"user_answer\": \"Encased within the pelvis, the “Sacrum”, labelled in red  often termed the \\\"Tailbone,\\\" comprises 5 fused vertebrae, forming a solid structure at the base of the spine. It supports the weight of the upper body and distributes it across the pelvis.\"}, {\"correct\": true, \"question_id\": 24, \"user_answer\": \"The final segment, known as the ”Coccyx or Distal Tailbone,” unlabeled below the sacrum in red consists of 3 to 5 fused vertebrae. It forms the terminus of the vertebral column and, despite its small size, serves as an attachment site for ligaments and muscles of the pelvic floor.\"}]',3,'1','2024-10-04 09:28:13',200,6),(33,3,'[{\"correct\": true, \"question_id\": 20, \"user_answer\": \"Known as the \\\"Neck,” labeled in orange,  this segment comprises 7 cervical vertebrae. It features a gentle C-shaped curvature, known as lordosis, which plays a crucial role in supporting the head and facilitating its range of motion.\"}, {\"correct\": true, \"question_id\": 21, \"user_answer\": \"Referred to as the \\\"Midback,” labelled in blue this portion contains 12 thoracic vertebrae. It exhibits a gentle reverse C-shaped curve, or kyphosis, which is essential for the stability of the upper body and protection of the thoracic organs.\"}, {\"correct\": true, \"question_id\": 22, \"user_answer\": \"Commonly called the \\\"Lower Back,\\\" labelled in purple, this area consists of 5 lumbar vertebrae, although variations exist, with some individuals having 4 or 6 lumbar vertebrae due to anatomical differences. This segment has a C-shaped lordotic curve, providing strength and flexibility to the lower back.\"}, {\"correct\": true, \"question_id\": 23, \"user_answer\": \"Encased within the pelvis, the “Sacrum”, labelled in red  often termed the \\\"Tailbone,\\\" comprises 5 fused vertebrae, forming a solid structure at the base of the spine. It supports the weight of the upper body and distributes it across the pelvis.\"}, {\"correct\": true, \"question_id\": 24, \"user_answer\": \"The final segment, known as the ”Coccyx or Distal Tailbone,” unlabeled below the sacrum in red consists of 3 to 5 fused vertebrae. It forms the terminus of the vertebral column and, despite its small size, serves as an attachment site for ligaments and muscles of the pelvic floor.\"}]',4,'1','2024-10-04 09:35:03',21,6),(34,3,'[{\"correct\": true, \"question_id\": 20, \"user_answer\": \"Known as the \\\"Neck,” labeled in orange,  this segment comprises 7 cervical vertebrae. It features a gentle C-shaped curvature, known as lordosis, which plays a crucial role in supporting the head and facilitating its range of motion.\"}, {\"correct\": true, \"question_id\": 21, \"user_answer\": \"Referred to as the \\\"Midback,” labelled in blue this portion contains 12 thoracic vertebrae. It exhibits a gentle reverse C-shaped curve, or kyphosis, which is essential for the stability of the upper body and protection of the thoracic organs.\"}, {\"correct\": true, \"question_id\": 22, \"user_answer\": \"Commonly called the \\\"Lower Back,\\\" labelled in purple, this area consists of 5 lumbar vertebrae, although variations exist, with some individuals having 4 or 6 lumbar vertebrae due to anatomical differences. This segment has a C-shaped lordotic curve, providing strength and flexibility to the lower back.\"}, {\"correct\": true, \"question_id\": 23, \"user_answer\": \"Encased within the pelvis, the “Sacrum”, labelled in red  often termed the \\\"Tailbone,\\\" comprises 5 fused vertebrae, forming a solid structure at the base of the spine. It supports the weight of the upper body and distributes it across the pelvis.\"}, {\"correct\": true, \"question_id\": 24, \"user_answer\": \"The final segment, known as the ”Coccyx or Distal Tailbone,” unlabeled below the sacrum in red consists of 3 to 5 fused vertebrae. It forms the terminus of the vertebral column and, despite its small size, serves as an attachment site for ligaments and muscles of the pelvic floor.\"}]',5,'1','2024-10-04 09:56:30',50,6),(35,3,'[{\"correct\": true, \"question_id\": 20, \"user_answer\": \"Known as the \\\"Neck,” labeled in orange,  this segment comprises 7 cervical vertebrae. It features a gentle C-shaped curvature, known as lordosis, which plays a crucial role in supporting the head and facilitating its range of motion.\"}, {\"correct\": true, \"question_id\": 21, \"user_answer\": \"Referred to as the \\\"Midback,” labelled in blue this portion contains 12 thoracic vertebrae. It exhibits a gentle reverse C-shaped curve, or kyphosis, which is essential for the stability of the upper body and protection of the thoracic organs.\"}, {\"correct\": true, \"question_id\": 22, \"user_answer\": \"Commonly called the \\\"Lower Back,\\\" labelled in purple, this area consists of 5 lumbar vertebrae, although variations exist, with some individuals having 4 or 6 lumbar vertebrae due to anatomical differences. This segment has a C-shaped lordotic curve, providing strength and flexibility to the lower back.\"}, {\"correct\": true, \"question_id\": 23, \"user_answer\": \"Encased within the pelvis, the “Sacrum”, labelled in red  often termed the \\\"Tailbone,\\\" comprises 5 fused vertebrae, forming a solid structure at the base of the spine. It supports the weight of the upper body and distributes it across the pelvis.\"}, {\"correct\": true, \"question_id\": 24, \"user_answer\": \"The final segment, known as the ”Coccyx or Distal Tailbone,” unlabeled below the sacrum in red consists of 3 to 5 fused vertebrae. It forms the terminus of the vertebral column and, despite its small size, serves as an attachment site for ligaments and muscles of the pelvic floor.\"}]',6,'1','2024-10-04 10:22:19',50,6),(36,3,'[{\"correct\": true, \"question_id\": 1, \"user_answer\": \"All the above statements are correct\"}, {\"correct\": true, \"question_id\": 2, \"user_answer\": \"All of the above\"}, {\"correct\": true, \"question_id\": 3, \"user_answer\": \"All of the above are ways meditation can help relieve back pain.\"}]',10,'1','2024-10-04 11:23:07',50,1),(37,3,'[{\"correct\": true, \"question_id\": 20, \"user_answer\": \"Known as the \\\"Neck,” labeled in orange,  this segment comprises 7 cervical vertebrae. It features a gentle C-shaped curvature, known as lordosis, which plays a crucial role in supporting the head and facilitating its range of motion.\"}, {\"correct\": true, \"question_id\": 21, \"user_answer\": \"Referred to as the \\\"Midback,” labelled in blue this portion contains 12 thoracic vertebrae. It exhibits a gentle reverse C-shaped curve, or kyphosis, which is essential for the stability of the upper body and protection of the thoracic organs.\"}, {\"correct\": true, \"question_id\": 22, \"user_answer\": \"Commonly called the \\\"Lower Back,\\\" labelled in purple, this area consists of 5 lumbar vertebrae, although variations exist, with some individuals having 4 or 6 lumbar vertebrae due to anatomical differences. This segment has a C-shaped lordotic curve, providing strength and flexibility to the lower back.\"}, {\"correct\": true, \"question_id\": 23, \"user_answer\": \"Encased within the pelvis, the “Sacrum”, labelled in red  often termed the \\\"Tailbone,\\\" comprises 5 fused vertebrae, forming a solid structure at the base of the spine. It supports the weight of the upper body and distributes it across the pelvis.\"}, {\"correct\": true, \"question_id\": 24, \"user_answer\": \"The final segment, known as the ”Coccyx or Distal Tailbone,” unlabeled below the sacrum in red consists of 3 to 5 fused vertebrae. It forms the terminus of the vertebral column and, despite its small size, serves as an attachment site for ligaments and muscles of the pelvic floor.\"}]',7,'1','2024-10-04 11:35:26',1667,6),(38,3,'[{\"correct\": true, \"question_id\": 20, \"user_answer\": \"Known as the \\\"Neck,” labeled in orange,  this segment comprises 7 cervical vertebrae. It features a gentle C-shaped curvature, known as lordosis, which plays a crucial role in supporting the head and facilitating its range of motion.\"}, {\"correct\": true, \"question_id\": 21, \"user_answer\": \"Referred to as the \\\"Midback,” labelled in blue this portion contains 12 thoracic vertebrae. It exhibits a gentle reverse C-shaped curve, or kyphosis, which is essential for the stability of the upper body and protection of the thoracic organs.\"}, {\"correct\": true, \"question_id\": 22, \"user_answer\": \"Commonly called the \\\"Lower Back,\\\" labelled in purple, this area consists of 5 lumbar vertebrae, although variations exist, with some individuals having 4 or 6 lumbar vertebrae due to anatomical differences. This segment has a C-shaped lordotic curve, providing strength and flexibility to the lower back.\"}, {\"correct\": true, \"question_id\": 23, \"user_answer\": \"Encased within the pelvis, the “Sacrum”, labelled in red  often termed the \\\"Tailbone,\\\" comprises 5 fused vertebrae, forming a solid structure at the base of the spine. It supports the weight of the upper body and distributes it across the pelvis.\"}, {\"correct\": true, \"question_id\": 24, \"user_answer\": \"The final segment, known as the ”Coccyx or Distal Tailbone,” unlabeled below the sacrum in red consists of 3 to 5 fused vertebrae. It forms the terminus of the vertebral column and, despite its small size, serves as an attachment site for ligaments and muscles of the pelvic floor.\"}]',8,'1','2024-10-04 11:45:23',33,6),(39,3,'[{\"correct\": true, \"question_id\": 1, \"user_answer\": \"All the above statements are correct\"}, {\"correct\": true, \"question_id\": 2, \"user_answer\": \"All of the above\"}, {\"correct\": true, \"question_id\": 3, \"user_answer\": \"All of the above are ways meditation can help relieve back pain.\"}]',11,'1','2024-10-04 11:47:23',33,1),(40,3,'[{\"correct\": true, \"question_id\": 20, \"user_answer\": \"Known as the \\\"Neck,” labeled in orange,  this segment comprises 7 cervical vertebrae. It features a gentle C-shaped curvature, known as lordosis, which plays a crucial role in supporting the head and facilitating its range of motion.\"}, {\"correct\": true, \"question_id\": 21, \"user_answer\": \"Referred to as the \\\"Midback,” labelled in blue this portion contains 12 thoracic vertebrae. It exhibits a gentle reverse C-shaped curve, or kyphosis, which is essential for the stability of the upper body and protection of the thoracic organs.\"}, {\"correct\": true, \"question_id\": 22, \"user_answer\": \"Commonly called the \\\"Lower Back,\\\" labelled in purple, this area consists of 5 lumbar vertebrae, although variations exist, with some individuals having 4 or 6 lumbar vertebrae due to anatomical differences. This segment has a C-shaped lordotic curve, providing strength and flexibility to the lower back.\"}, {\"correct\": true, \"question_id\": 23, \"user_answer\": \"Encased within the pelvis, the “Sacrum”, labelled in red  often termed the \\\"Tailbone,\\\" comprises 5 fused vertebrae, forming a solid structure at the base of the spine. It supports the weight of the upper body and distributes it across the pelvis.\"}, {\"correct\": true, \"question_id\": 24, \"user_answer\": \"The final segment, known as the ”Coccyx or Distal Tailbone,” unlabeled below the sacrum in red consists of 3 to 5 fused vertebrae. It forms the terminus of the vertebral column and, despite its small size, serves as an attachment site for ligaments and muscles of the pelvic floor.\"}]',9,'1','2024-10-05 03:59:39',33,6),(41,3,'[{\"correct\": true, \"question_id\": 20, \"user_answer\": \"Known as the \\\"Neck,” labeled in orange,  this segment comprises 7 cervical vertebrae. It features a gentle C-shaped curvature, known as lordosis, which plays a crucial role in supporting the head and facilitating its range of motion.\"}, {\"correct\": true, \"question_id\": 21, \"user_answer\": \"Referred to as the \\\"Midback,” labelled in blue this portion contains 12 thoracic vertebrae. It exhibits a gentle reverse C-shaped curve, or kyphosis, which is essential for the stability of the upper body and protection of the thoracic organs.\"}, {\"correct\": true, \"question_id\": 22, \"user_answer\": \"Commonly called the \\\"Lower Back,\\\" labelled in purple, this area consists of 5 lumbar vertebrae, although variations exist, with some individuals having 4 or 6 lumbar vertebrae due to anatomical differences. This segment has a C-shaped lordotic curve, providing strength and flexibility to the lower back.\"}, {\"correct\": true, \"question_id\": 23, \"user_answer\": \"Encased within the pelvis, the “Sacrum”, labelled in red  often termed the \\\"Tailbone,\\\" comprises 5 fused vertebrae, forming a solid structure at the base of the spine. It supports the weight of the upper body and distributes it across the pelvis.\"}, {\"correct\": true, \"question_id\": 24, \"user_answer\": \"The final segment, known as the ”Coccyx or Distal Tailbone,” unlabeled below the sacrum in red consists of 3 to 5 fused vertebrae. It forms the terminus of the vertebral column and, despite its small size, serves as an attachment site for ligaments and muscles of the pelvic floor.\"}]',10,'1','2024-10-05 04:15:41',67,6),(42,3,'[{\"correct\": true, \"question_id\": 20, \"user_answer\": \"Known as the \\\"Neck,” labeled in orange,  this segment comprises 7 cervical vertebrae. It features a gentle C-shaped curvature, known as lordosis, which plays a crucial role in supporting the head and facilitating its range of motion.\"}, {\"correct\": true, \"question_id\": 21, \"user_answer\": \"Referred to as the \\\"Midback,” labelled in blue this portion contains 12 thoracic vertebrae. It exhibits a gentle reverse C-shaped curve, or kyphosis, which is essential for the stability of the upper body and protection of the thoracic organs.\"}, {\"correct\": true, \"question_id\": 22, \"user_answer\": \"Commonly called the \\\"Lower Back,\\\" labelled in purple, this area consists of 5 lumbar vertebrae, although variations exist, with some individuals having 4 or 6 lumbar vertebrae due to anatomical differences. This segment has a C-shaped lordotic curve, providing strength and flexibility to the lower back.\"}, {\"correct\": true, \"question_id\": 23, \"user_answer\": \"Encased within the pelvis, the “Sacrum”, labelled in red  often termed the \\\"Tailbone,\\\" comprises 5 fused vertebrae, forming a solid structure at the base of the spine. It supports the weight of the upper body and distributes it across the pelvis.\"}, {\"correct\": true, \"question_id\": 24, \"user_answer\": \"The final segment, known as the ”Coccyx or Distal Tailbone,” unlabeled below the sacrum in red consists of 3 to 5 fused vertebrae. It forms the terminus of the vertebral column and, despite its small size, serves as an attachment site for ligaments and muscles of the pelvic floor.\"}]',11,'1','2024-10-05 04:31:34',67,6),(43,3,'[{\"correct\": true, \"question_id\": 20, \"user_answer\": \"Known as the \\\"Neck,” labeled in orange,  this segment comprises 7 cervical vertebrae. It features a gentle C-shaped curvature, known as lordosis, which plays a crucial role in supporting the head and facilitating its range of motion.\"}, {\"correct\": false, \"question_id\": 21, \"user_answer\": \"Commonly called the \\\"Lower Back,\\\" labelled in purple, this area consists of 5 lumbar vertebrae, although variations exist, with some individuals having 4 or 6 lumbar vertebrae due to anatomical differences. This segment has a C-shaped lordotic curve, providing strength and flexibility to the lower back.\"}, {\"correct\": false, \"question_id\": 22, \"user_answer\": \"Encased within the pelvis, the “Sacrum”, labelled in red  often termed the \\\"Tailbone,\\\" comprises 5 fused vertebrae, forming a solid structure at the base of the spine. It supports the weight of the upper body and distributes it across the pelvis.\"}, {\"correct\": false, \"question_id\": 23, \"user_answer\": \"The final segment, known as the ”Coccyx or Distal Tailbone,” unlabeled below the sacrum in red consists of 3 to 5 fused vertebrae. It forms the terminus of the vertebral column and, despite its small size, serves as an attachment site for ligaments and muscles of the pelvic floor.\"}, {\"correct\": false, \"question_id\": 24, \"user_answer\": \"Referred to as the \\\"Midback,” labelled in blue this portion contains 12 thoracic vertebrae. It exhibits a gentle reverse C-shaped curve, or kyphosis, which is essential for the stability of the upper body and protection of the thoracic organs.\"}]',12,'1','2024-10-05 04:32:37',7,6),(44,3,'[{\"correct\": false, \"question_id\": 20, \"user_answer\": \"Referred to as the \\\"Midback,” labelled in blue this portion contains 12 thoracic vertebrae. It exhibits a gentle reverse C-shaped curve, or kyphosis, which is essential for the stability of the upper body and protection of the thoracic organs.\"}, {\"correct\": false, \"question_id\": 21, \"user_answer\": \"Known as the \\\"Neck,” labeled in orange,  this segment comprises 7 cervical vertebrae. It features a gentle C-shaped curvature, known as lordosis, which plays a crucial role in supporting the head and facilitating its range of motion.\"}, {\"correct\": true, \"question_id\": 22, \"user_answer\": \"Commonly called the \\\"Lower Back,\\\" labelled in purple, this area consists of 5 lumbar vertebrae, although variations exist, with some individuals having 4 or 6 lumbar vertebrae due to anatomical differences. This segment has a C-shaped lordotic curve, providing strength and flexibility to the lower back.\"}, {\"correct\": true, \"question_id\": 23, \"user_answer\": \"Encased within the pelvis, the “Sacrum”, labelled in red  often termed the \\\"Tailbone,\\\" comprises 5 fused vertebrae, forming a solid structure at the base of the spine. It supports the weight of the upper body and distributes it across the pelvis.\"}, {\"correct\": true, \"question_id\": 24, \"user_answer\": \"The final segment, known as the ”Coccyx or Distal Tailbone,” unlabeled below the sacrum in red consists of 3 to 5 fused vertebrae. It forms the terminus of the vertebral column and, despite its small size, serves as an attachment site for ligaments and muscles of the pelvic floor.\"}]',13,'1','2024-10-05 04:34:01',53,6),(45,3,'[{\"correct\": true, \"question_id\": 20, \"user_answer\": \"Known as the \\\"Neck,” labeled in orange,  this segment comprises 7 cervical vertebrae. It features a gentle C-shaped curvature, known as lordosis, which plays a crucial role in supporting the head and facilitating its range of motion.\"}, {\"correct\": false, \"question_id\": 21, \"user_answer\": \"The final segment, known as the ”Coccyx or Distal Tailbone,” unlabeled below the sacrum in red consists of 3 to 5 fused vertebrae. It forms the terminus of the vertebral column and, despite its small size, serves as an attachment site for ligaments and muscles of the pelvic floor.\"}, {\"correct\": false, \"question_id\": 22, \"user_answer\": \"Encased within the pelvis, the “Sacrum”, labelled in red  often termed the \\\"Tailbone,\\\" comprises 5 fused vertebrae, forming a solid structure at the base of the spine. It supports the weight of the upper body and distributes it across the pelvis.\"}, {\"correct\": false, \"question_id\": 23, \"user_answer\": \"Commonly called the \\\"Lower Back,\\\" labelled in purple, this area consists of 5 lumbar vertebrae, although variations exist, with some individuals having 4 or 6 lumbar vertebrae due to anatomical differences. This segment has a C-shaped lordotic curve, providing strength and flexibility to the lower back.\"}, {\"correct\": false, \"question_id\": 24, \"user_answer\": \"Referred to as the \\\"Midback,” labelled in blue this portion contains 12 thoracic vertebrae. It exhibits a gentle reverse C-shaped curve, or kyphosis, which is essential for the stability of the upper body and protection of the thoracic organs.\"}]',14,'1','2024-10-05 04:42:44',40,6),(46,3,'[{\"correct\": false, \"question_id\": 20, \"user_answer\": \"The final segment, known as the ”Coccyx or Distal Tailbone,” unlabeled below the sacrum in red consists of 3 to 5 fused vertebrae. It forms the terminus of the vertebral column and, despite its small size, serves as an attachment site for ligaments and muscles of the pelvic floor.\"}, {\"correct\": false, \"question_id\": 21, \"user_answer\": \"Encased within the pelvis, the “Sacrum”, labelled in red  often termed the \\\"Tailbone,\\\" comprises 5 fused vertebrae, forming a solid structure at the base of the spine. It supports the weight of the upper body and distributes it across the pelvis.\"}, {\"correct\": false, \"question_id\": 22, \"user_answer\": \"Referred to as the \\\"Midback,” labelled in blue this portion contains 12 thoracic vertebrae. It exhibits a gentle reverse C-shaped curve, or kyphosis, which is essential for the stability of the upper body and protection of the thoracic organs.\"}, {\"correct\": false, \"question_id\": 23, \"user_answer\": \"Commonly called the \\\"Lower Back,\\\" labelled in purple, this area consists of 5 lumbar vertebrae, although variations exist, with some individuals having 4 or 6 lumbar vertebrae due to anatomical differences. This segment has a C-shaped lordotic curve, providing strength and flexibility to the lower back.\"}, {\"correct\": false, \"question_id\": 24, \"user_answer\": \"Known as the \\\"Neck,” labeled in orange,  this segment comprises 7 cervical vertebrae. It features a gentle C-shaped curvature, known as lordosis, which plays a crucial role in supporting the head and facilitating its range of motion.\"}]',15,'1','2024-10-05 04:43:24',33,6),(47,3,'[{\"correct\": true, \"question_id\": 1, \"user_answer\": \"All the above statements are correct\"}, {\"correct\": true, \"question_id\": 2, \"user_answer\": \"All of the above\"}, {\"correct\": true, \"question_id\": 3, \"user_answer\": \"All of the above are ways meditation can help relieve back pain.\"}]',12,'1','2024-10-05 04:44:21',33,1),(48,3,'[{\"correct\": true, \"question_id\": 1, \"user_answer\": \"All the above statements are correct\"}, {\"correct\": true, \"question_id\": 2, \"user_answer\": \"All of the above\"}, {\"correct\": true, \"question_id\": 3, \"user_answer\": \"All of the above are ways meditation can help relieve back pain.\"}]',13,'1','2024-10-05 04:48:00',100,1),(49,3,'[{\"correct\": true, \"question_id\": 20, \"user_answer\": \"Known as the \\\"Neck,” labeled in orange,  this segment comprises 7 cervical vertebrae. It features a gentle C-shaped curvature, known as lordosis, which plays a crucial role in supporting the head and facilitating its range of motion.\"}, {\"correct\": true, \"question_id\": 21, \"user_answer\": \"Referred to as the \\\"Midback,” labelled in blue this portion contains 12 thoracic vertebrae. It exhibits a gentle reverse C-shaped curve, or kyphosis, which is essential for the stability of the upper body and protection of the thoracic organs.\"}, {\"correct\": true, \"question_id\": 22, \"user_answer\": \"Commonly called the \\\"Lower Back,\\\" labelled in purple, this area consists of 5 lumbar vertebrae, although variations exist, with some individuals having 4 or 6 lumbar vertebrae due to anatomical differences. This segment has a C-shaped lordotic curve, providing strength and flexibility to the lower back.\"}, {\"correct\": false, \"question_id\": 23, \"user_answer\": \"The final segment, known as the ”Coccyx or Distal Tailbone,” unlabeled below the sacrum in red consists of 3 to 5 fused vertebrae. It forms the terminus of the vertebral column and, despite its small size, serves as an attachment site for ligaments and muscles of the pelvic floor.\"}, {\"correct\": false, \"question_id\": 24, \"user_answer\": \"Encased within the pelvis, the “Sacrum”, labelled in red  often termed the \\\"Tailbone,\\\" comprises 5 fused vertebrae, forming a solid structure at the base of the spine. It supports the weight of the upper body and distributes it across the pelvis.\"}]',16,'1','2024-10-05 04:48:30',80,6),(50,3,'[{\"correct\": true, \"question_id\": 20, \"user_answer\": \"Known as the \\\"Neck,” labeled in orange,  this segment comprises 7 cervical vertebrae. It features a gentle C-shaped curvature, known as lordosis, which plays a crucial role in supporting the head and facilitating its range of motion.\"}, {\"correct\": true, \"question_id\": 21, \"user_answer\": \"Referred to as the \\\"Midback,” labelled in blue this portion contains 12 thoracic vertebrae. It exhibits a gentle reverse C-shaped curve, or kyphosis, which is essential for the stability of the upper body and protection of the thoracic organs.\"}, {\"correct\": true, \"question_id\": 22, \"user_answer\": \"Commonly called the \\\"Lower Back,\\\" labelled in purple, this area consists of 5 lumbar vertebrae, although variations exist, with some individuals having 4 or 6 lumbar vertebrae due to anatomical differences. This segment has a C-shaped lordotic curve, providing strength and flexibility to the lower back.\"}, {\"correct\": false, \"question_id\": 23, \"user_answer\": \"The final segment, known as the ”Coccyx or Distal Tailbone,” unlabeled below the sacrum in red consists of 3 to 5 fused vertebrae. It forms the terminus of the vertebral column and, despite its small size, serves as an attachment site for ligaments and muscles of the pelvic floor.\"}, {\"correct\": false, \"question_id\": 24, \"user_answer\": \"Encased within the pelvis, the “Sacrum”, labelled in red  often termed the \\\"Tailbone,\\\" comprises 5 fused vertebrae, forming a solid structure at the base of the spine. It supports the weight of the upper body and distributes it across the pelvis.\"}]',17,'1','2024-10-05 04:53:24',80,6),(51,3,'[{\"correct\": false, \"question_id\": 20, \"user_answer\": \"The final segment, known as the ”Coccyx or Distal Tailbone,” unlabeled below the sacrum in red consists of 3 to 5 fused vertebrae. It forms the terminus of the vertebral column and, despite its small size, serves as an attachment site for ligaments and muscles of the pelvic floor.\"}, {\"correct\": false, \"question_id\": 21, \"user_answer\": \"Encased within the pelvis, the “Sacrum”, labelled in red  often termed the \\\"Tailbone,\\\" comprises 5 fused vertebrae, forming a solid structure at the base of the spine. It supports the weight of the upper body and distributes it across the pelvis.\"}, {\"correct\": false, \"question_id\": 22, \"user_answer\": \"Referred to as the \\\"Midback,” labelled in blue this portion contains 12 thoracic vertebrae. It exhibits a gentle reverse C-shaped curve, or kyphosis, which is essential for the stability of the upper body and protection of the thoracic organs.\"}, {\"correct\": false, \"question_id\": 23, \"user_answer\": \"Commonly called the \\\"Lower Back,\\\" labelled in purple, this area consists of 5 lumbar vertebrae, although variations exist, with some individuals having 4 or 6 lumbar vertebrae due to anatomical differences. This segment has a C-shaped lordotic curve, providing strength and flexibility to the lower back.\"}, {\"correct\": false, \"question_id\": 24, \"user_answer\": \"Known as the \\\"Neck,” labeled in orange,  this segment comprises 7 cervical vertebrae. It features a gentle C-shaped curvature, known as lordosis, which plays a crucial role in supporting the head and facilitating its range of motion.\"}]',18,'1','2024-10-05 04:54:06',50,6),(52,3,'[{\"correct\": true, \"question_id\": 20, \"user_answer\": \"Known as the \\\"Neck,” labeled in orange,  this segment comprises 7 cervical vertebrae. It features a gentle C-shaped curvature, known as lordosis, which plays a crucial role in supporting the head and facilitating its range of motion.\"}, {\"correct\": true, \"question_id\": 21, \"user_answer\": \"Referred to as the \\\"Midback,” labelled in blue this portion contains 12 thoracic vertebrae. It exhibits a gentle reverse C-shaped curve, or kyphosis, which is essential for the stability of the upper body and protection of the thoracic organs.\"}, {\"correct\": true, \"question_id\": 22, \"user_answer\": \"Commonly called the \\\"Lower Back,\\\" labelled in purple, this area consists of 5 lumbar vertebrae, although variations exist, with some individuals having 4 or 6 lumbar vertebrae due to anatomical differences. This segment has a C-shaped lordotic curve, providing strength and flexibility to the lower back.\"}, {\"correct\": true, \"question_id\": 23, \"user_answer\": \"Encased within the pelvis, the “Sacrum”, labelled in red  often termed the \\\"Tailbone,\\\" comprises 5 fused vertebrae, forming a solid structure at the base of the spine. It supports the weight of the upper body and distributes it across the pelvis.\"}, {\"correct\": true, \"question_id\": 24, \"user_answer\": \"The final segment, known as the ”Coccyx or Distal Tailbone,” unlabeled below the sacrum in red consists of 3 to 5 fused vertebrae. It forms the terminus of the vertebral column and, despite its small size, serves as an attachment site for ligaments and muscles of the pelvic floor.\"}]',19,'1','2024-10-05 04:59:55',50,6),(53,3,'[{\"correct\": true, \"question_id\": 20, \"user_answer\": \"Known as the \\\"Neck,” labeled in orange,  this segment comprises 7 cervical vertebrae. It features a gentle C-shaped curvature, known as lordosis, which plays a crucial role in supporting the head and facilitating its range of motion.\"}, {\"correct\": true, \"question_id\": 21, \"user_answer\": \"Referred to as the \\\"Midback,” labelled in blue this portion contains 12 thoracic vertebrae. It exhibits a gentle reverse C-shaped curve, or kyphosis, which is essential for the stability of the upper body and protection of the thoracic organs.\"}, {\"correct\": true, \"question_id\": 22, \"user_answer\": \"Commonly called the \\\"Lower Back,\\\" labelled in purple, this area consists of 5 lumbar vertebrae, although variations exist, with some individuals having 4 or 6 lumbar vertebrae due to anatomical differences. This segment has a C-shaped lordotic curve, providing strength and flexibility to the lower back.\"}, {\"correct\": true, \"question_id\": 23, \"user_answer\": \"Encased within the pelvis, the “Sacrum”, labelled in red  often termed the \\\"Tailbone,\\\" comprises 5 fused vertebrae, forming a solid structure at the base of the spine. It supports the weight of the upper body and distributes it across the pelvis.\"}, {\"correct\": true, \"question_id\": 24, \"user_answer\": \"The final segment, known as the ”Coccyx or Distal Tailbone,” unlabeled below the sacrum in red consists of 3 to 5 fused vertebrae. It forms the terminus of the vertebral column and, despite its small size, serves as an attachment site for ligaments and muscles of the pelvic floor.\"}]',20,'1','2024-10-05 05:01:28',100,6),(54,3,'[{\"correct\": true, \"question_id\": 20, \"user_answer\": \"Known as the \\\"Neck,” labeled in orange,  this segment comprises 7 cervical vertebrae. It features a gentle C-shaped curvature, known as lordosis, which plays a crucial role in supporting the head and facilitating its range of motion.\"}, {\"correct\": true, \"question_id\": 21, \"user_answer\": \"Referred to as the \\\"Midback,” labelled in blue this portion contains 12 thoracic vertebrae. It exhibits a gentle reverse C-shaped curve, or kyphosis, which is essential for the stability of the upper body and protection of the thoracic organs.\"}, {\"correct\": true, \"question_id\": 22, \"user_answer\": \"Commonly called the \\\"Lower Back,\\\" labelled in purple, this area consists of 5 lumbar vertebrae, although variations exist, with some individuals having 4 or 6 lumbar vertebrae due to anatomical differences. This segment has a C-shaped lordotic curve, providing strength and flexibility to the lower back.\"}, {\"correct\": false, \"question_id\": 23, \"user_answer\": \"The final segment, known as the ”Coccyx or Distal Tailbone,” unlabeled below the sacrum in red consists of 3 to 5 fused vertebrae. It forms the terminus of the vertebral column and, despite its small size, serves as an attachment site for ligaments and muscles of the pelvic floor.\"}, {\"correct\": false, \"question_id\": 24, \"user_answer\": \"Encased within the pelvis, the “Sacrum”, labelled in red  often termed the \\\"Tailbone,\\\" comprises 5 fused vertebrae, forming a solid structure at the base of the spine. It supports the weight of the upper body and distributes it across the pelvis.\"}]',21,'1','2024-10-05 05:06:33',43,6),(55,3,'[{\"correct\": true, \"question_id\": 20, \"user_answer\": \"Known as the \\\"Neck,” labeled in orange,  this segment comprises 7 cervical vertebrae. It features a gentle C-shaped curvature, known as lordosis, which plays a crucial role in supporting the head and facilitating its range of motion.\"}, {\"correct\": true, \"question_id\": 21, \"user_answer\": \"Referred to as the \\\"Midback,” labelled in blue this portion contains 12 thoracic vertebrae. It exhibits a gentle reverse C-shaped curve, or kyphosis, which is essential for the stability of the upper body and protection of the thoracic organs.\"}, {\"correct\": true, \"question_id\": 22, \"user_answer\": \"Commonly called the \\\"Lower Back,\\\" labelled in purple, this area consists of 5 lumbar vertebrae, although variations exist, with some individuals having 4 or 6 lumbar vertebrae due to anatomical differences. This segment has a C-shaped lordotic curve, providing strength and flexibility to the lower back.\"}, {\"correct\": true, \"question_id\": 23, \"user_answer\": \"Encased within the pelvis, the “Sacrum”, labelled in red  often termed the \\\"Tailbone,\\\" comprises 5 fused vertebrae, forming a solid structure at the base of the spine. It supports the weight of the upper body and distributes it across the pelvis.\"}, {\"correct\": true, \"question_id\": 24, \"user_answer\": \"The final segment, known as the ”Coccyx or Distal Tailbone,” unlabeled below the sacrum in red consists of 3 to 5 fused vertebrae. It forms the terminus of the vertebral column and, despite its small size, serves as an attachment site for ligaments and muscles of the pelvic floor.\"}]',22,'1','2024-10-05 05:08:48',63,6),(56,3,'[{\"correct\": true, \"question_id\": 1, \"user_answer\": \"All the above statements are correct\"}, {\"correct\": true, \"question_id\": 2, \"user_answer\": \"All of the above\"}, {\"correct\": true, \"question_id\": 3, \"user_answer\": \"All of the above are ways meditation can help relieve back pain.\"}]',14,'1','2024-10-05 05:09:44',100,1),(57,3,'[{\"correct\": true, \"question_id\": 20, \"user_answer\": \"Known as the \\\"Neck,” labeled in orange,  this segment comprises 7 cervical vertebrae. It features a gentle C-shaped curvature, known as lordosis, which plays a crucial role in supporting the head and facilitating its range of motion.\"}, {\"correct\": true, \"question_id\": 21, \"user_answer\": \"Referred to as the \\\"Midback,” labelled in blue this portion contains 12 thoracic vertebrae. It exhibits a gentle reverse C-shaped curve, or kyphosis, which is essential for the stability of the upper body and protection of the thoracic organs.\"}, {\"correct\": true, \"question_id\": 22, \"user_answer\": \"Commonly called the \\\"Lower Back,\\\" labelled in purple, this area consists of 5 lumbar vertebrae, although variations exist, with some individuals having 4 or 6 lumbar vertebrae due to anatomical differences. This segment has a C-shaped lordotic curve, providing strength and flexibility to the lower back.\"}, {\"correct\": true, \"question_id\": 23, \"user_answer\": \"Encased within the pelvis, the “Sacrum”, labelled in red  often termed the \\\"Tailbone,\\\" comprises 5 fused vertebrae, forming a solid structure at the base of the spine. It supports the weight of the upper body and distributes it across the pelvis.\"}, {\"correct\": true, \"question_id\": 24, \"user_answer\": \"The final segment, known as the ”Coccyx or Distal Tailbone,” unlabeled below the sacrum in red consists of 3 to 5 fused vertebrae. It forms the terminus of the vertebral column and, despite its small size, serves as an attachment site for ligaments and muscles of the pelvic floor.\"}]',23,'1','2024-10-05 05:33:18',63,6),(58,3,'[{\"correct\": true, \"question_id\": 20, \"user_answer\": \"Known as the \\\"Neck,” labeled in orange,  this segment comprises 7 cervical vertebrae. It features a gentle C-shaped curvature, known as lordosis, which plays a crucial role in supporting the head and facilitating its range of motion.\"}, {\"correct\": true, \"question_id\": 21, \"user_answer\": \"Referred to as the \\\"Midback,” labelled in blue this portion contains 12 thoracic vertebrae. It exhibits a gentle reverse C-shaped curve, or kyphosis, which is essential for the stability of the upper body and protection of the thoracic organs.\"}, {\"correct\": true, \"question_id\": 22, \"user_answer\": \"Commonly called the \\\"Lower Back,\\\" labelled in purple, this area consists of 5 lumbar vertebrae, although variations exist, with some individuals having 4 or 6 lumbar vertebrae due to anatomical differences. This segment has a C-shaped lordotic curve, providing strength and flexibility to the lower back.\"}, {\"correct\": true, \"question_id\": 23, \"user_answer\": \"Encased within the pelvis, the “Sacrum”, labelled in red  often termed the \\\"Tailbone,\\\" comprises 5 fused vertebrae, forming a solid structure at the base of the spine. It supports the weight of the upper body and distributes it across the pelvis.\"}, {\"correct\": true, \"question_id\": 24, \"user_answer\": \"The final segment, known as the ”Coccyx or Distal Tailbone,” unlabeled below the sacrum in red consists of 3 to 5 fused vertebrae. It forms the terminus of the vertebral column and, despite its small size, serves as an attachment site for ligaments and muscles of the pelvic floor.\"}]',24,'1','2024-10-05 05:58:09',63,6),(59,3,'[{\"correct\": true, \"question_id\": 26, \"user_answer\": \"All of the above\"}, {\"correct\": false, \"question_id\": 27, \"user_answer\": \"Leg Raises\"}, {\"correct\": true, \"question_id\": 28, \"user_answer\": \"All of the above\"}, {\"correct\": true, \"question_id\": 29, \"user_answer\": \"All of the above\"}, {\"correct\": true, \"question_id\": 30, \"user_answer\": \"All of the above\"}]',1,'1','2024-10-05 06:04:29',53,8),(60,3,'[{\"correct\": true, \"question_id\": 26, \"user_answer\": \"All of the above\"}, {\"correct\": true, \"question_id\": 27, \"user_answer\": \"Planks\"}, {\"correct\": true, \"question_id\": 28, \"user_answer\": \"All of the above\"}, {\"correct\": true, \"question_id\": 29, \"user_answer\": \"All of the above\"}, {\"correct\": true, \"question_id\": 30, \"user_answer\": \"All of the above\"}]',1,'2','2024-10-05 06:05:17',50,8),(61,3,'[{\"correct\": false, \"question_id\": 31, \"user_answer\": \"Spinal stenosis called arthritis\"}, {\"correct\": false, \"question_id\": 32, \"user_answer\": \"Spinal stenosis called arthritis\"}, {\"correct\": false, \"question_id\": 33, \"user_answer\": \"Spinal stenosis called arthritis\"}, {\"correct\": true, \"question_id\": 34, \"user_answer\": \"Spinal stenosis called arthritis\"}]',1,'1','2024-10-05 07:31:14',13,9),(62,3,'[{\"correct\": false, \"question_id\": 31, \"user_answer\": \"Spinal stenosis called arthritis\"}, {\"correct\": false, \"question_id\": 32, \"user_answer\": \"Spinal stenosis called arthritis\"}, {\"correct\": false, \"question_id\": 33, \"user_answer\": \"Spinal stenosis called arthritis\"}, {\"correct\": true, \"question_id\": 34, \"user_answer\": \"Spinal stenosis called arthritis\"}]',2,'1','2024-10-05 07:33:34',13,9),(63,3,'[{\"correct\": false, \"question_id\": 31, \"user_answer\": \"Spinal stenosis called arthritis\"}, {\"correct\": false, \"question_id\": 32, \"user_answer\": \"Spinal stenosis called arthritis\"}, {\"correct\": false, \"question_id\": 33, \"user_answer\": \"Spinal stenosis called arthritis\"}, {\"correct\": true, \"question_id\": 34, \"user_answer\": \"Spinal stenosis called arthritis\"}]',3,'1','2024-10-05 07:44:33',13,9),(64,3,'[{\"correct\": false, \"question_id\": 31, \"user_answer\": \"Spinal stenosis called arthritis\"}, {\"correct\": false, \"question_id\": 32, \"user_answer\": \"Spinal stenosis called arthritis\"}, {\"correct\": false, \"question_id\": 33, \"user_answer\": \"Spinal stenosis called arthritis\"}, {\"correct\": true, \"question_id\": 34, \"user_answer\": \"Spinal stenosis called arthritis\"}]',4,'1','2024-10-05 07:44:34',13,9),(65,3,'[{\"correct\": false, \"question_id\": 31, \"user_answer\": \"Herniated disc called a slipped disc\"}, {\"correct\": false, \"question_id\": 32, \"user_answer\": \"Herniated disc called a slipped disc\"}, {\"correct\": true, \"question_id\": 33, \"user_answer\": \"Herniated disc called a slipped disc\"}, {\"correct\": false, \"question_id\": 34, \"user_answer\": \"Herniated disc called a slipped disc\"}]',5,'1','2024-10-05 07:47:09',13,9),(66,3,'[{\"correct\": false, \"question_id\": 31, \"user_answer\": \"Herniated disc called a slipped disc\"}, {\"correct\": false, \"question_id\": 32, \"user_answer\": \"Herniated disc called a slipped disc\"}, {\"correct\": true, \"question_id\": 33, \"user_answer\": \"Herniated disc called a slipped disc\"}, {\"correct\": false, \"question_id\": 34, \"user_answer\": \"Herniated disc called a slipped disc\"}]',6,'1','2024-10-05 07:47:09',13,9),(68,3,'[{\"correct\": true, \"question_id\": 31, \"user_answer\": \"Normal spine, normal spinal canal, normal nerve root channels\"}, {\"correct\": true, \"question_id\": 32, \"user_answer\": \"Annular Tear of the disc\"}, {\"correct\": true, \"question_id\": 33, \"user_answer\": \"Herniated disc called a slipped disc\"}, {\"correct\": true, \"question_id\": 34, \"user_answer\": \"Spinal stenosis called arthritis\"}]',7,'1','2024-10-05 07:52:02',50,9),(69,3,'[{\"correct\": true, \"question_id\": 31, \"user_answer\": \"Normal spine, normal spinal canal, normal nerve root channels\"}, {\"correct\": true, \"question_id\": 32, \"user_answer\": \"Annular Tear of the disc\"}, {\"correct\": true, \"question_id\": 33, \"user_answer\": \"Herniated disc called a slipped disc\"}, {\"correct\": true, \"question_id\": 34, \"user_answer\": \"Spinal stenosis called arthritis\"}]',8,'1','2024-10-05 07:56:20',50,9),(70,3,'[{\"correct\": true, \"question_id\": 31, \"user_answer\": \"Normal spine, normal spinal canal, normal nerve root channels\"}, {\"correct\": true, \"question_id\": 32, \"user_answer\": \"Annular Tear of the disc\"}, {\"correct\": true, \"question_id\": 33, \"user_answer\": \"Herniated disc called a slipped disc\"}, {\"correct\": true, \"question_id\": 34, \"user_answer\": \"Spinal stenosis called arthritis\"}]',9,'1','2024-10-05 07:56:20',50,9),(72,3,'[{\"correct\": true, \"question_id\": 31, \"user_answer\": \"Normal spine, normal spinal canal, normal nerve root channels\"}, {\"correct\": true, \"question_id\": 32, \"user_answer\": \"Annular Tear of the disc\"}, {\"correct\": true, \"question_id\": 33, \"user_answer\": \"Herniated disc called a slipped disc\"}, {\"correct\": true, \"question_id\": 34, \"user_answer\": \"Spinal stenosis called arthritis\"}]',10,'1','2024-10-05 08:11:12',50,9),(73,3,'[{\"correct\": true, \"question_id\": 31, \"user_answer\": \"Normal spine, normal spinal canal, normal nerve root channels\"}, {\"correct\": true, \"question_id\": 32, \"user_answer\": \"Annular Tear of the disc\"}, {\"correct\": true, \"question_id\": 33, \"user_answer\": \"Herniated disc called a slipped disc\"}, {\"correct\": true, \"question_id\": 34, \"user_answer\": \"Spinal stenosis called arthritis\"}]',11,'1','2024-10-05 08:11:12',50,9),(74,3,'[{\"correct\": true, \"question_id\": 31, \"user_answer\": \"Normal spine, normal spinal canal, normal nerve root channels\"}, {\"correct\": true, \"question_id\": 32, \"user_answer\": \"Annular Tear of the disc\"}, {\"correct\": true, \"question_id\": 33, \"user_answer\": \"Herniated disc called a slipped disc\"}, {\"correct\": true, \"question_id\": 34, \"user_answer\": \"Spinal stenosis called arthritis\"}]',12,'1','2024-10-05 08:14:23',50,9),(75,3,'[{\"correct\": true, \"question_id\": 31, \"user_answer\": \"Normal spine, normal spinal canal, normal nerve root channels\"}, {\"correct\": true, \"question_id\": 32, \"user_answer\": \"Annular Tear of the disc\"}, {\"correct\": true, \"question_id\": 33, \"user_answer\": \"Herniated disc called a slipped disc\"}, {\"correct\": true, \"question_id\": 34, \"user_answer\": \"Spinal stenosis called arthritis\"}]',13,'1','2024-10-05 08:14:23',50,9),(76,3,'[{\"correct\": true, \"question_id\": 31, \"user_answer\": \"Normal spine, normal spinal canal, normal nerve root channels\"}, {\"correct\": true, \"question_id\": 32, \"user_answer\": \"Annular Tear of the disc\"}, {\"correct\": true, \"question_id\": 33, \"user_answer\": \"Herniated disc called a slipped disc\"}, {\"correct\": true, \"question_id\": 34, \"user_answer\": \"Spinal stenosis called arthritis\"}]',13,'1','2024-10-05 08:15:28',50,9),(77,3,'[{\"correct\": true, \"question_id\": 31, \"user_answer\": \"Normal spine, normal spinal canal, normal nerve root channels\"}, {\"correct\": true, \"question_id\": 32, \"user_answer\": \"Annular Tear of the disc\"}, {\"correct\": true, \"question_id\": 33, \"user_answer\": \"Herniated disc called a slipped disc\"}, {\"correct\": true, \"question_id\": 34, \"user_answer\": \"Spinal stenosis called arthritis\"}]',14,'1','2024-10-05 08:15:28',50,9),(78,3,'[{\"correct\": true, \"question_id\": 31, \"user_answer\": \"Normal spine, normal spinal canal, normal nerve root channels\"}, {\"correct\": true, \"question_id\": 32, \"user_answer\": \"Annular Tear of the disc\"}, {\"correct\": true, \"question_id\": 33, \"user_answer\": \"Herniated disc called a slipped disc\"}, {\"correct\": true, \"question_id\": 34, \"user_answer\": \"Spinal stenosis called arthritis\"}]',15,'1','2024-10-05 08:18:46',50,9),(79,3,'[{\"correct\": true, \"question_id\": 31, \"user_answer\": \"Normal spine, normal spinal canal, normal nerve root channels\"}, {\"correct\": true, \"question_id\": 32, \"user_answer\": \"Annular Tear of the disc\"}, {\"correct\": true, \"question_id\": 33, \"user_answer\": \"Herniated disc called a slipped disc\"}, {\"correct\": true, \"question_id\": 34, \"user_answer\": \"Spinal stenosis called arthritis\"}]',16,'1','2024-10-05 08:18:46',50,9);
/*!40000 ALTER TABLE `quiz_attempt` ENABLE KEYS */;
UNLOCK TABLES;

--
-- Table structure for table `quiz_text`
--

DROP TABLE IF EXISTS `quiz_text`;
/*!40101 SET @saved_cs_client     = @@character_set_client */;
/*!50503 SET character_set_client = utf8mb4 */;
CREATE TABLE `quiz_text` (
  `id` int NOT NULL AUTO_INCREMENT,
  `text` text NOT NULL,
  `option` json NOT NULL,
  `timestamp` timestamp NULL DEFAULT CURRENT_TIMESTAMP,
  `correct_answer` longtext,
  `question_type` enum('multiple_choice','descriptive','match') NOT NULL,
  `answer_format` text,
  `moduleid` int DEFAULT NULL,
  `courseid` int DEFAULT NULL,
  PRIMARY KEY (`id`),
  KEY `fk_quiztext_course` (`courseid`),
  KEY `fk_quiztext_module` (`moduleid`),
  CONSTRAINT `fk_quiztext_course` FOREIGN KEY (`courseid`) REFERENCES `courses` (`courseid`),
  CONSTRAINT `fk_quiztext_module` FOREIGN KEY (`moduleid`) REFERENCES `modules` (`moduleid`)
) ENGINE=InnoDB AUTO_INCREMENT=87 DEFAULT CHARSET=utf8mb4 COLLATE=utf8mb4_0900_ai_ci;
/*!40101 SET character_set_client = @saved_cs_client */;

--
-- Dumping data for table `quiz_text`
--

LOCK TABLES `quiz_text` WRITE;
/*!40000 ALTER TABLE `quiz_text` DISABLE KEYS */;
INSERT INTO `quiz_text` VALUES (1,'<p><br></p><p dir=\"ltr\" style=\"line-height:1.38;margin-top:0pt;margin-bottom:0pt;\"><strong style=\"font-weight:normal;\" id=\"docs-internal-guid-b8455d5a-7fff-8ece-f165-2f82f15ee175\"><span style=\"font-size:11pt;font-family:Arial,sans-serif;color:#000000;background-color:transparent;font-weight:400;font-style:normal;font-variant:normal;text-decoration:none;vertical-align:baseline;white-space:pre;white-space:pre-wrap;\">In the study \"Assessment of Stresses in the Cervical Spine Caused by Posture and Position of the Head,\" which statement accurately reflects the findings regarding neck forces as the head tilts forward?</span></strong></p><p dir=\"ltr\" style=\"line-height:1.38;margin-top:0pt;margin-bottom:0pt;\"><strong style=\"font-weight:normal;\" id=\"docs-internal-guid-b8455d5a-7fff-8ece-f165-2f82f15ee175\"><strong style=\"font-weight:normal;\" id=\"docs-internal-guid-a434dcae-7fff-8647-9a30-afac134c4e83\"><strong style=\"font-weight:normal;\" id=\"docs-internal-guid-5cfdf163-7fff-22e2-10a0-1ed98705d73c\"><span style=\"font-size:11pt;font-family:Arial,sans-serif;color:#000000;background-color:transparent;font-weight:400;font-style:normal;font-variant:normal;text-decoration:none;vertical-align:baseline;white-space:pre;white-space:pre-wrap;\"><span style=\"border:none;display:inline-block;overflow:hidden;width:602px;height:308px;\"><img src=\"https://lh7-rt.googleusercontent.com/docsz/AD_4nXdm5uH2Abpwn7sefAdtrtAClesQaPM6SfruOkKVBh16_tsCXIr5t4nNTZv15oTB7d9Wb5G4j4KH6Z1vAshQkPDsmtNlaQ9zKmltO9Ami0NQKNnzybq14mw7g9GhM-pXX87Xoxulj8r7eAEERwr7BU9QqYjq?key=0M8vRj0vZ5XCvi3mJzuAAg\" width=\"602\" height=\"308\" style=\"margin-left:0px;margin-top:0px;\"></span></span></strong></strong></strong><br></p>','[{\"option\": \"27 pounds of force at a 15-degree\", \"feedback\": \"<p>Hello<br></p>\"}, {\"option\": \"40 pounds at 30 degrees tilt\", \"feedback\": \"\"}, {\"option\": \"49 pounds at 45 degrees tilt\", \"feedback\": \"\"}, {\"option\": \"60 pounds at a 60-degree tilt\", \"feedback\": \"\"}, {\"option\": \"All the above statements are correct\", \"feedback\": \"\"}]','2024-09-13 10:22:31','All the above statements are correct','multiple_choice',NULL,1,1),(2,'<p><strong style=\"font-weight:normal;\" id=\"docs-internal-guid-15c88bf4-7fff-3b05-66aa-5134ec7e9879\"><p dir=\"ltr\" style=\"line-height:1.38;margin-top:0pt;margin-bottom:0pt;\"><span style=\"font-size:11pt;font-family:Arial,sans-serif;color:#000000;background-color:transparent;font-weight:400;font-style:normal;font-variant:normal;text-decoration:none;vertical-align:baseline;white-space:pre;white-space:pre-wrap;\"><span style=\"border:none;display:inline-block;overflow:hidden;width:602px;height:240px;\"><img src=\"https://lh7-rt.googleusercontent.com/docsz/AD_4nXcN1PBd_Vyrg2FNCp6RB8GFcEAkBu768DpYBDmtWkEfbceEa7UCjN9cM52UXYnrJk5YO_SpoW88m06mUWCqD1xonSu45my1i6B7bR8kW38D4xyt8AA09Y0BNkyFVNL5rXW0bzgr3boSTXnT3_eOGIy0-jhQ?key=0M8vRj0vZ5XCvi3mJzuAAg\" width=\"602\" height=\"240\" style=\"margin-left:0px;margin-top:0px;\"></span></span></p><p dir=\"ltr\" style=\"line-height:1.38;margin-top:0pt;margin-bottom:0pt;\"><span style=\"font-size:11pt;font-family:Arial,sans-serif;color:#000000;background-color:transparent;font-weight:400;font-style:normal;font-variant:normal;text-decoration:none;vertical-align:baseline;white-space:pre;white-space:pre-wrap;\">Which types of doctors are qualified to evaluate back pain?</span></p></strong><br class=\"Apple-interchange-newline\"><br></p>','[{\"option\": \"Orthopedic Surgeon\", \"feedback\": \"\"}, {\"option\": \"Neurosurgeon \", \"feedback\": \"\"}, {\"option\": \"Physical Medicine and Rehabilitation Specialist \", \"feedback\": \"\"}, {\"option\": \"Chiropractor\", \"feedback\": \"\"}, {\"option\": \"Emergency Room Physician \", \"feedback\": \"\"}, {\"option\": \"Osteopathic Physician\", \"feedback\": \"\"}, {\"option\": \"Family Practitioner \", \"feedback\": \"\"}, {\"option\": \"Internal Medicine Doctor \", \"feedback\": \"\"}, {\"option\": \"Neurologist \", \"feedback\": \"\"}, {\"option\": \"All of the above\", \"feedback\": \"\"}]','2024-09-13 10:26:02','All of the above','multiple_choice',NULL,1,1),(3,'<p><br></p><p dir=\"ltr\" style=\"line-height:1.38;margin-top:0pt;margin-bottom:0pt;\"><strong style=\"font-weight:normal;\" id=\"docs-internal-guid-cc3d64ad-7fff-3620-d231-d91a62a171ab\"><span style=\"font-size:11pt;font-family:Arial,sans-serif;color:#000000;background-color:transparent;font-weight:400;font-style:normal;font-variant:normal;text-decoration:none;vertical-align:baseline;white-space:pre;white-space:pre-wrap;\"><span style=\"border:none;display:inline-block;overflow:hidden;width:580px;height:387px;\"><img src=\"https://lh7-rt.googleusercontent.com/docsz/AD_4nXcAjZtszz08wYT1gMuWDTpeUFWypTLA-OnDYX3ZBoNJgjgohRonF9l_V2oH39I8ZspzKQ2jsa6a7oGGiA_rNU94vypf-4MS3Z573qEhZuhWWL7w7gfUof93PZ8-5YRqspq4wc18WhXM5cpvrgytEvTCBLI?key=0M8vRj0vZ5XCvi3mJzuAAg\" width=\"580\" height=\"387\" style=\"margin-left:0px;margin-top:0px;\"></span></span></strong></p><p dir=\"ltr\" style=\"line-height:1.38;margin-top:0pt;margin-bottom:0pt;\"><strong style=\"font-weight:normal;\" id=\"docs-internal-guid-cc3d64ad-7fff-3620-d231-d91a62a171ab\"><span style=\"font-size:11pt;font-family:Arial,sans-serif;color:#000000;background-color:transparent;font-weight:400;font-style:normal;font-variant:normal;text-decoration:none;vertical-align:baseline;white-space:pre;white-space:pre-wrap;\">In what ways can the practice of meditation contribute to relieving back pain?</span></strong></p><br class=\"Apple-interchange-newline\"><br><p><br></p>','[{\"option\": \"Meditation reduces muscle tension and stress, which are common contributors to back pain.\", \"feedback\": \"\"}, {\"option\": \"By improving posture awareness, meditation can lead to better spinal alignment.\", \"feedback\": \"\"}, {\"option\": \"Meditation enhances pain tolerance, making back pain more manageable.\", \"feedback\": \"\"}, {\"option\": \"Regular meditation increases blood flow to back muscles, aiding in healing and pain relief. \", \"feedback\": \"\"}, {\"option\": \"All of the above are ways meditation can help relieve back pain.\", \"feedback\": \"\"}]','2024-09-13 10:33:32','All of the above are ways meditation can help relieve back pain.','multiple_choice',NULL,1,1),(4,'<p>When a person sits 8 hours a day at work, how many hours are they sitting per year?</p>','[{\"option\": \"1000 Hrs\", \"feedback\": \"\"}, {\"option\": \"2000 Hrs\", \"feedback\": \"\"}, {\"option\": \"3000 Hrs\", \"feedback\": \"\"}, {\"option\": \"4000 Hrs\", \"feedback\": \"\"}]','2024-09-13 10:41:11','3000','multiple_choice',NULL,2,1),(5,'<p>What is the number of people who do have or will have significant back pain or neck pain at some point in their lives?</p>','[{\"option\": \"1/5\", \"feedback\": \"\"}, {\"option\": \"2/5\", \"feedback\": \"\"}, {\"option\": \"3/5\", \"feedback\": \"\"}, {\"option\": \"4/5\", \"feedback\": \"\"}, {\"option\": \"5/5\", \"feedback\": \"\"}]','2024-09-13 10:41:56','1/5','multiple_choice',NULL,2,1),(6,'<p>Which of the following professions or conditions are associated with a higher risk of spine injury?</p>','[{\"option\": \"Older adults \", \"feedback\": \"\"}, {\"option\": \"People with sedentary lifestyles \", \"feedback\": \"\"}, {\"option\": \"Individuals who sit for prolonged periods without movement \", \"feedback\": \"\"}, {\"option\": \"Architects \", \"feedback\": \"\"}, {\"option\": \"Dentists, doctors, and nurses\", \"feedback\": \"\"}, {\"option\": \"Barbers and hairstylists \", \"feedback\": \"\"}, {\"option\": \"Individuals who engage in frequent heavy lifting \", \"feedback\": \"\"}, {\"option\": \"Construction workers\", \"feedback\": \"\"}, {\"option\": \"Manual laborers\", \"feedback\": \"\"}, {\"option\": \"Smokers \", \"feedback\": \"\"}, {\"option\": \"All of the above\", \"feedback\": \"\"}]','2024-09-13 10:44:40','All of the above','multiple_choice',NULL,2,1),(7,'<p><strong style=\"font-weight:normal;\" id=\"docs-internal-guid-f87ad8ba-7fff-4c35-9d55-3fdb130775c9\"><br><p dir=\"ltr\" style=\"line-height:1.38;margin-top:0pt;margin-bottom:0pt;\"><span style=\"font-size:11pt;font-family:Arial,sans-serif;color:#000000;background-color:transparent;font-weight:400;font-style:normal;font-variant:normal;text-decoration:none;vertical-align:baseline;white-space:pre;white-space:pre-wrap;\"><span style=\"border:none;display:inline-block;overflow:hidden;width:602px;height:401px;\"><img src=\"https://lh7-rt.googleusercontent.com/docsz/AD_4nXd1kKVPZka0DD7x3TqyJThwwcwWqg-5dS-INS6KlynJiWVrGe3IiVx3a4Sjsb8gXcilUCpZsmyCu3dWgrO2agjag6c3W_c7qt3JRwJuOZL5yVab4t_kWh86huo8FL53RbKB7IiVcmJQXlLdPS1B5eK9zqPZ?key=0M8vRj0vZ5XCvi3mJzuAAg\" width=\"602\" height=\"401\" style=\"margin-left:0px;margin-top:0px;\"></span></span></p><p dir=\"ltr\" style=\"line-height:1.38;margin-top:0pt;margin-bottom:0pt;\"><span style=\"font-size:11pt;font-family:Arial,sans-serif;color:#000000;background-color:transparent;font-weight:400;font-style:normal;font-variant:normal;text-decoration:none;vertical-align:baseline;white-space:pre;white-space:pre-wrap;\">How many pounds can a lifter carry in a year, if the lifter carries 1,000 pounds per day?</span></p></strong><br class=\"Apple-interchange-newline\"><br></p>','[{\"option\": \"250,000 pounds\", \"feedback\": \"\"}, {\"option\": \"500,000 pounds\", \"feedback\": \"\"}, {\"option\": \"750,000 pounds\", \"feedback\": \"\"}, {\"option\": \"1,000,000 pounds\", \"feedback\": \"\"}]','2024-09-13 10:58:07','500,000 pounds','multiple_choice',NULL,2,1),(8,'<p><strong style=\"font-weight:normal;\" id=\"docs-internal-guid-f73fdcd3-7fff-1757-929e-4d669cd58228\"><br><p dir=\"ltr\" style=\"line-height:1.38;margin-top:0pt;margin-bottom:0pt;\"><span style=\"font-size:11pt;font-family:Arial,sans-serif;color:#000000;background-color:transparent;font-weight:400;font-style:normal;font-variant:normal;text-decoration:none;vertical-align:baseline;white-space:pre;white-space:pre-wrap;\"><span style=\"border:none;display:inline-block;overflow:hidden;width:602px;height:501px;\"><img src=\"https://lh7-rt.googleusercontent.com/docsz/AD_4nXc6hFNeQR8W_imyIqQ2nCb96pO-WauwhGsG4c8gu_FVhUnVcZAbDdVEKcdv8wzEGX3sBgs-YXH-tDgNxyMuefknP7GWySGVbZ2yCECbjtGVVOPzu0C2LahcWGKUDCVVO91RA4XhAf0ckI-HbnMSZkiNLxWL?key=0M8vRj0vZ5XCvi3mJzuAAg\" width=\"602\" height=\"501\" style=\"margin-left:0px;margin-top:0px;\"></span></span></p><p dir=\"ltr\" style=\"line-height:1.38;margin-top:0pt;margin-bottom:0pt;\"><span style=\"font-size:11pt;font-family:Arial,sans-serif;color:#000000;background-color:transparent;font-weight:400;font-style:normal;font-variant:normal;text-decoration:none;vertical-align:baseline;white-space:pre;white-space:pre-wrap;\">How does cigarette smoking, or vaping damage the spine?</span></p></strong><br class=\"Apple-interchange-newline\"><br></p>','[{\"option\": \"Arterial constriction leading to less blood flow to the spine\", \"feedback\": \"\"}, {\"option\": \"Nicotine poisoning of the spine\", \"feedback\": \"\"}, {\"option\": \"Bone weakening called osteoporosis\", \"feedback\": \"\"}, {\"option\": \"Microfractures of the spine\", \"feedback\": \"\"}, {\"option\": \"All the above\", \"feedback\": \"\"}]','2024-09-13 10:59:33','All the above','multiple_choice',NULL,2,1),(9,'<p><strong style=\"font-weight:normal;\" id=\"docs-internal-guid-ed5c472e-7fff-54c9-9f66-34f7758d85c4\"><p dir=\"ltr\" style=\"line-height:1.38;margin-top:0pt;margin-bottom:0pt;\"><span style=\"font-size:11pt;font-family:Arial,sans-serif;color:#000000;background-color:transparent;font-weight:400;font-style:normal;font-variant:normal;text-decoration:none;vertical-align:baseline;white-space:pre;white-space:pre-wrap;\">Given that in the United States, about 80% of people experience back or neck pain at some point in their lives, what is the frequency of these conditions on a global scale?</span></p><p dir=\"ltr\" style=\"line-height:1.38;margin-top:0pt;margin-bottom:0pt;\"><span style=\"font-size:11pt;font-family:Arial,sans-serif;color:#000000;background-color:transparent;font-weight:400;font-style:normal;font-variant:normal;text-decoration:none;vertical-align:baseline;white-space:pre;white-space:pre-wrap;\"><span style=\"border:none;display:inline-block;overflow:hidden;width:602px;height:151px;\"><img src=\"https://lh7-rt.googleusercontent.com/docsz/AD_4nXfWhAdRAdX3EROonm6JvRAAtnj6_6La0rgN8i_VbQsxnfYh9pky1fT6-9F40Mmy3uUHfKpTIj1ZIsDAiZT44fhv0GeSfzRVudHAxkqee-jQSo8JVvNxxE5dyk3w_AcqtztCJ9rjvT8gmD-Man52WjMEOHjN?key=0M8vRj0vZ5XCvi3mJzuAAg\" width=\"602\" height=\"151\" style=\"margin-left:0px;margin-top:0px;\"></span></span></p></strong><br class=\"Apple-interchange-newline\"><br></p>','[{\"option\": \"higher in countries other than the United States\", \"feedback\": \"\"}, {\"option\": \"the same\", \"feedback\": \"\"}, {\"option\": \"lower in countries other than the United States\", \"feedback\": \"\"}, {\"option\": \"\", \"feedback\": \"\"}]','2024-09-20 04:45:57','the same','multiple_choice',NULL,3,1),(10,'<p>Despite 4/5 people suffering, the majority of people get better. A small\r\n percent becomes stuck permanently with back pain, and cannot work any \r\nmore. &nbsp;What could be the underlying reasons for this disparity, and what\r\n strategies could be effective in helping those who are \'permanently \r\nstuck\'?</p>','[{\"option\": \"Genetic differences, suggesting that medical research should focus on genetic therapies and personalized medicine to provide relief.\", \"feedback\": \"\"}, {\"option\": \"This condition is a result of a complex interplay of factors including environmental exposure, healthcare accessibility, socioeconomic status, and educational inequalities.\", \"feedback\": \"\"}, {\"option\": \"Individual lifestyle choices.  Public health initiatives focusing on education about healthy living and personal responsibility could be the key to resolving these disparities.\", \"feedback\": \"\"}, {\"option\": \"Technological advancements in medical science are unevenly distributed, leading to this divide.\", \"feedback\": \"\"}]','2024-09-20 04:48:15','This condition is a result of a complex interplay of factors including environmental exposure, healthcare accessibility, socioeconomic status, and educational inequalities.','multiple_choice',NULL,3,1),(11,'<p>Neck pain is a significant public health concern worldwide, with varying\r\n prevalence rates in different countries. Among the following countries,\r\n where is the burden of neck pain notably high?</p>','[{\"option\": \"Norway\", \"feedback\": \"\"}, {\"option\": \"Finland\", \"feedback\": \"\"}, {\"option\": \"Iran\", \"feedback\": \"\"}, {\"option\": \"China\", \"feedback\": \"\"}, {\"option\": \"Denmark\", \"feedback\": \"\"}, {\"option\": \"All of the above\", \"feedback\": \"\"}]','2024-09-20 04:50:28','All of the above','multiple_choice',NULL,3,1),(12,'<p><br></p><p dir=\"ltr\" style=\"line-height:1.38;margin-top:0pt;margin-bottom:0pt;\"><strong style=\"font-weight:normal;\" id=\"docs-internal-guid-fdc87c8b-7fff-220b-2eb9-1eebb6a45213\"><span style=\"font-size:11pt;font-family:Arial,sans-serif;color:#000000;background-color:transparent;font-weight:400;font-style:normal;font-variant:normal;text-decoration:none;vertical-align:baseline;white-space:pre;white-space:pre-wrap;\"><span style=\"border:none;display:inline-block;overflow:hidden;width:540px;height:720px;\"><img src=\"https://lh7-rt.googleusercontent.com/docsz/AD_4nXc09grcKvupHB4X3lR9cfg8OCuplQSThchhu3yJU_rTwhXt2nOmJycy2A7C7RPArRkAnENpIbf7T-qYlseKqCBruscDvJzqY8oypBwy_O3z0KMN7rQw_DT0_my19vWBx7YZrtcQn43TW2bECvH-gKSZ8ILh?key=0M8vRj0vZ5XCvi3mJzuAAg\" width=\"540\" height=\"720\" style=\"margin-left:0px;margin-top:0px;\"></span></span></strong></p><p dir=\"ltr\" style=\"line-height:1.38;margin-top:0pt;margin-bottom:0pt;\"><strong style=\"font-weight:normal;\" id=\"docs-internal-guid-fdc87c8b-7fff-220b-2eb9-1eebb6a45213\"><span style=\"font-size:11pt;font-family:Arial,sans-serif;color:#000000;background-color:transparent;font-weight:700;font-style:normal;font-variant:normal;text-decoration:none;vertical-align:baseline;white-space:pre;white-space:pre-wrap;\">Osteoporosis a condition of bone demineralization and bone weakening may lead to osteoporotic compression fractures of the spine. To protect yourself from osteoporosis a person may choose to:</span></strong></p><br>','[{\"option\": \"Start at a young age to prevent osteoporosis\", \"feedback\": \"\"}, {\"option\": \"Eat well, walk and play, especially in the sun\", \"feedback\": \"\"}, {\"option\": \"Do not smoke\", \"feedback\": \"\"}, {\"option\": \"Prevent falls\", \"feedback\": \"\"}, {\"option\": \"Embrace proper posture\", \"feedback\": \"\"}, {\"option\": \"Walk regularly\", \"feedback\": \"\"}, {\"option\": \"Ask your doctor to check your vitamin D levels\", \"feedback\": \"\"}, {\"option\": \"Aim to get 10-30 minutes of midday sunlight, several times per week\", \"feedback\": \"\"}, {\"option\": \"Watch your calcium intake\", \"feedback\": \"\"}, {\"option\": \"All of the above\", \"feedback\": \"\"}]','2024-09-20 04:58:22','All of the above','multiple_choice',NULL,4,1),(13,'<p>&nbsp;Inflammation can cause back pain. Which of the following are common sources of inflammation?</p>','[{\"option\": \"Dietary Factors\", \"feedback\": \"\"}, {\"option\": \"Lifestyle Factors\", \"feedback\": \"\"}, {\"option\": \"Environmental Factors\", \"feedback\": \"\"}, {\"option\": \"Chronic Diseases\", \"feedback\": \"\"}, {\"option\": \"Infections\", \"feedback\": \"\"}, {\"option\": \"Age-Related Factors\", \"feedback\": \"\"}, {\"option\": \"Gut Health\", \"feedback\": \"\"}, {\"option\": \"Genetic Factors\", \"feedback\": \"\"}, {\"option\": \"All of the above\", \"feedback\": \"\"}]','2024-09-20 05:10:10','All of the above','multiple_choice',NULL,4,1),(14,'<p><strong style=\"font-weight:normal;\" id=\"docs-internal-guid-4d6e6ca7-7fff-1f57-5ad9-3b1aae32ca3b\"><p dir=\"ltr\" style=\"line-height:1.38;margin-top:0pt;margin-bottom:0pt;\"><span style=\"font-size:11pt;font-family:Arial,sans-serif;color:#000000;background-color:transparent;font-weight:700;font-style:normal;font-variant:normal;text-decoration:none;vertical-align:baseline;white-space:pre;white-space:pre-wrap;\">What are early warning signs of cancer?</span></p><p dir=\"ltr\" style=\"line-height:1.38;margin-top:0pt;margin-bottom:0pt;\"><span style=\"font-size:11pt;font-family:Arial,sans-serif;color:#000000;background-color:transparent;font-weight:700;font-style:normal;font-variant:normal;text-decoration:none;vertical-align:baseline;white-space:pre;white-space:pre-wrap;\"><span style=\"border:none;display:inline-block;overflow:hidden;width:455px;height:720px;\"><img src=\"https://lh7-rt.googleusercontent.com/docsz/AD_4nXeJVs1k3_2l545sByh4ZNdbTCibkpBA_MLXiPyiE71Xoh6ZGgsHXB3bPTy8H3f34vbIenUGBfTDtiMDNaXxviIWTAk5GhWDO_KVygNX3QxXKsM5Zpz600sVMWL34lMQeKoUo37BzXjc60P1bgBKB2rDQjk?key=0M8vRj0vZ5XCvi3mJzuAAg\" width=\"455\" height=\"720\" style=\"margin-left:0px;margin-top:0px;\"></span></span></p></strong><br class=\"Apple-interchange-newline\"><br></p>','[{\"option\": \"Unexplained Weight Loss\", \"feedback\": \"\"}, {\"option\": \"Persistent Fatigue\", \"feedback\": \"\"}, {\"option\": \"Skin Changes\", \"feedback\": \"\"}, {\"option\": \"Changes in Bowel or Bladder Habits\", \"feedback\": \"\"}, {\"option\": \"Persistent Cough or Hoarseness \", \"feedback\": \"\"}, {\"option\": \"Difficulty Swallowing\", \"feedback\": \"\"}, {\"option\": \"Unusual Bleeding or Discharge\", \"feedback\": \"\"}, {\"option\": \"Persistent Indigestion or Discomfort After Eating\", \"feedback\": \"\"}, {\"option\": \"Lumps or Thickening in the Body\", \"feedback\": \"\"}, {\"option\": \"Changes in Moles or Warts\", \"feedback\": \"\"}, {\"option\": \"Persistent, Unexplained Pain\", \"feedback\": \"\"}, {\"option\": \"All of the above\", \"feedback\": \"\"}]','2024-09-20 05:15:58','All of the above','multiple_choice',NULL,4,1),(15,'<p><strong style=\"font-weight:normal;\" id=\"docs-internal-guid-f4ff6b33-7fff-96f8-316d-d2945e4131f9\"><p dir=\"ltr\" style=\"line-height:1.38;margin-top:0pt;margin-bottom:0pt;\"><span style=\"font-size:11pt;font-family:Arial,sans-serif;color:#000000;background-color:transparent;font-weight:700;font-style:normal;font-variant:normal;text-decoration:none;vertical-align:baseline;white-space:pre;white-space:pre-wrap;\"><span style=\"border:none;display:inline-block;overflow:hidden;width:433px;height:720px;\"><img src=\"https://lh7-rt.googleusercontent.com/docsz/AD_4nXc7tiLlCN9ha4Y7Bs5I8uDbegj48V-15vrZZ_2YnQhc0vD0p6KoGbgZdPB8fy0uTg0he33GtPp2f3qZUU2ZBXDD5EgFrZ_5ous1wITVKh0ZLlQZDuu4wuJdkh70ibI9Iv_BGGuOSBW8C4iEItd4a1n8bz8v?key=0M8vRj0vZ5XCvi3mJzuAAg\" width=\"433\" height=\"720\" style=\"margin-left:0px;margin-top:0px;\"></span></span></p><p dir=\"ltr\" style=\"line-height:1.38;margin-top:0pt;margin-bottom:0pt;\"><span style=\"font-size:11pt;font-family:Arial,sans-serif;color:#000000;background-color:transparent;font-weight:700;font-style:normal;font-variant:normal;text-decoration:none;vertical-align:baseline;white-space:pre;white-space:pre-wrap;\">&nbsp;Infection on the Spine</span></p></strong><br class=\"Apple-interchange-newline\"><br></p>','[{\"option\": \"Vertebral Osteomyelitis is an Infection of the vertebral bone\", \"feedback\": \"\"}, {\"option\": \"Disciitis is an infection of the vertebral disc\", \"feedback\": \"\"}, {\"option\": \"Both are correct\", \"feedback\": \"\"}, {\"option\": \"\", \"feedback\": \"\"}]','2024-09-20 05:18:55','Both are correct','multiple_choice',NULL,4,1),(16,'<p><br></p><p dir=\"ltr\" style=\"line-height:1.38;margin-top:0pt;margin-bottom:0pt;\"><strong style=\"font-weight:normal;\" id=\"docs-internal-guid-d41e3fb8-7fff-d61e-bc2c-a349e48c147b\"><span style=\"font-size:11pt;font-family:Arial,sans-serif;color:#000000;background-color:transparent;font-weight:700;font-style:normal;font-variant:normal;text-decoration:none;vertical-align:baseline;white-space:pre;white-space:pre-wrap;\"><span style=\"border:none;display:inline-block;overflow:hidden;width:512px;height:720px;\"><img src=\"https://lh7-rt.googleusercontent.com/docsz/AD_4nXewWnsU3KEursDQPNEQsWuMFNDB869rnGZGPOjghYzrdP8pIs0Jl4GswNhinf_eD_iK2VyQUaZNqx4aMbudUVT30cpoT3ZDUjJQbnkU389FX080qeyfDlY117AVUKD4L7fGPFPmkOE3oeXj0APpxOASZSM6?key=0M8vRj0vZ5XCvi3mJzuAAg\" width=\"512\" height=\"720\" style=\"margin-left:0px;margin-top:0px;\"></span></span></strong></p><p dir=\"ltr\" style=\"line-height:1.38;margin-top:0pt;margin-bottom:0pt;\"><strong style=\"font-weight:normal;\" id=\"docs-internal-guid-d41e3fb8-7fff-d61e-bc2c-a349e48c147b\"><span style=\"font-size:11pt;font-family:Arial,sans-serif;color:#000000;background-color:transparent;font-weight:700;font-style:normal;font-variant:normal;text-decoration:none;vertical-align:baseline;white-space:pre;white-space:pre-wrap;\">Cauda Equina Syndrome (CES) is a serious neurological condition that occurs when the nerve roots in the cauda equina, a bundle of spinal nerve roots that arise from the lower end of the spinal cord, are compressed and disrupted. This compression can cause a range of symptoms and requires immediate medical attention to prevent lasting damage.</span></strong></p><br>','[{\"option\": \"True\", \"feedback\": \"\"}, {\"option\": \"False\", \"feedback\": \"\"}, {\"option\": \"\", \"feedback\": \"\"}, {\"option\": \"\", \"feedback\": \"\"}]','2024-09-20 05:21:23','True','multiple_choice',NULL,4,1),(17,'<p>The costs for treatment of back pain in 2023 for the USA is</p>','[{\"option\": \"$156,000,000 - millions\", \"feedback\": \"\"}, {\"option\": \"$156,000,000,000 - billions\", \"feedback\": \"\"}, {\"option\": \"$156,000,000,000,000 - trillions\", \"feedback\": \"\"}, {\"option\": \"\", \"feedback\": \"\"}]','2024-09-20 05:28:39','$156,000,000,000 - billions','multiple_choice',NULL,5,1),(18,'<p>The costs for treatment of back pain in 2023 for the world is estimated to be</p>','[{\"option\": \"$200 - 300 $Billion\", \"feedback\": \"\"}, {\"option\": \"$300 – 400 $Billion\", \"feedback\": \"\"}, {\"option\": \"$300 - 500 $Billion\", \"feedback\": \"\"}, {\"option\": \"\", \"feedback\": \"\"}]','2024-09-23 04:17:03','$300 - 500 $Billion','multiple_choice',NULL,5,1),(19,'<p>Which of the following are Personal Costs for Back Pain?</p>','[{\"option\": \"Back Pain\", \"feedback\": \"\"}, {\"option\": \"Sciatica\", \"feedback\": \"\"}, {\"option\": \"Aches\", \"feedback\": \"\"}, {\"option\": \"Loss of energy\", \"feedback\": \"\"}, {\"option\": \"Loss of focus\", \"feedback\": \"\"}, {\"option\": \"Loss of productivity\", \"feedback\": \"\"}, {\"option\": \"Loss of income\", \"feedback\": \"\"}, {\"option\": \"Loss of self esteem\", \"feedback\": \"\"}, {\"option\": \"Loss of familial relationships\", \"feedback\": \"\"}, {\"option\": \"All of the above\", \"feedback\": \"\"}]','2024-09-23 04:22:43','All of the above','multiple_choice',NULL,5,1),(20,'<p><strong style=\"font-weight:normal;\" id=\"docs-internal-guid-1b34e63b-7fff-2763-329d-3143f850b72b\"><p dir=\"ltr\" style=\"line-height:1.38;margin-top:0pt;margin-bottom:0pt;\"><span style=\"font-size:11pt;font-family:Arial,sans-serif;color:#000000;background-color:transparent;font-weight:700;font-style:normal;font-variant:normal;text-decoration:none;vertical-align:baseline;white-space:pre;white-space:pre-wrap;\"><span style=\"border:none;display:inline-block;overflow:hidden;width:270px;height:720px;\"><img src=\"https://lh7-rt.googleusercontent.com/docsz/AD_4nXcHIQxhXQ-TZkOSIvhTTGvfL58vuHZXQuuk8lvOJ5rESIyYWGvs96B92C-3QXJZ11rGyOIkAB06bw6wq-KZqnixE13LxJJ-GQwV5tP13QQY6m36r-7GRkxTL_2Xy7kFj6KgK1qkhDPcnA2-JK81tXAW9L0f?key=0M8vRj0vZ5XCvi3mJzuAAg\" width=\"270\" height=\"720\" style=\"margin-left:0px;margin-top:0px;\"></span></span></p><p dir=\"ltr\" style=\"line-height:1.38;margin-top:0pt;margin-bottom:0pt;\"><span style=\"font-size:11pt;font-family:Arial,sans-serif;color:#000000;background-color:transparent;font-weight:700;font-style:normal;font-variant:normal;text-decoration:none;vertical-align:baseline;white-space:pre;white-space:pre-wrap;\">The spine, called “The Backbone of Your Life” is made up of 5 parts</span></p><p dir=\"ltr\" style=\"line-height:1.38;margin-top:0pt;margin-bottom:0pt;\"><span style=\"font-size:11pt;font-family:Arial,sans-serif;color:#000000;background-color:transparent;font-weight:700;font-style:normal;font-variant:normal;text-decoration:none;vertical-align:baseline;white-space:pre;white-space:pre-wrap;\">Cervical spine called the ………..</span></p></strong><br class=\"Apple-interchange-newline\"><br></p>','[{\"option\": \"Known as the \\\"Neck,” labeled in orange,  this segment comprises 7 cervical vertebrae. It features a gentle C-shaped curvature, known as lordosis, which plays a crucial role in supporting the head and facilitating its range of motion.\", \"feedback\": \"\"}, {\"option\": \"Referred to as the \\\"Midback,” labelled in blue this portion contains 12 thoracic vertebrae. It exhibits a gentle reverse C-shaped curve, or kyphosis, which is essential for the stability of the upper body and protection of the thoracic organs.\", \"feedback\": \"\"}, {\"option\": \"Commonly called the \\\"Lower Back,\\\" labelled in purple, this area consists of 5 lumbar vertebrae, although variations exist, with some individuals having 4 or 6 lumbar vertebrae due to anatomical differences. This segment has a C-shaped lordotic curve, providing strength and flexibility to the lower back.\", \"feedback\": \"\"}, {\"option\": \"Encased within the pelvis, the “Sacrum”, labelled in red  often termed the \\\"Tailbone,\\\" comprises 5 fused vertebrae, forming a solid structure at the base of the spine. It supports the weight of the upper body and distributes it across the pelvis.\", \"feedback\": \"\"}, {\"option\": \"The final segment, known as the ”Coccyx or Distal Tailbone,” unlabeled below the sacrum in red consists of 3 to 5 fused vertebrae. It forms the terminus of the vertebral column and, despite its small size, serves as an attachment site for ligaments and muscles of the pelvic floor.\", \"feedback\": \"\"}]','2024-09-23 04:30:05','Known as the \"Neck,” labeled in orange,  this segment comprises 7 cervical vertebrae. It features a gentle C-shaped curvature, known as lordosis, which plays a crucial role in supporting the head and facilitating its range of motion.','multiple_choice',NULL,6,1),(21,'<div class=\"qtext\" id=\"yui_3_18_1_1_1727065817209_226\"><p id=\"yui_3_18_1_1_1727065817209_225\">The spine, called “The Backbone of Your Life” is made up of 5 parts.&nbsp;</p>\r\n<p>Thoracic spine called the ………..</p></div>','[{\"option\": \"Known as the \\\"Neck,” labeled in orange,  this segment comprises 7 cervical vertebrae. It features a gentle C-shaped curvature, known as lordosis, which plays a crucial role in supporting the head and facilitating its range of motion.\", \"feedback\": \"\"}, {\"option\": \"Referred to as the \\\"Midback,” labelled in blue this portion contains 12 thoracic vertebrae. It exhibits a gentle reverse C-shaped curve, or kyphosis, which is essential for the stability of the upper body and protection of the thoracic organs.\", \"feedback\": \"\"}, {\"option\": \"Commonly called the \\\"Lower Back,\\\" labelled in purple, this area consists of 5 lumbar vertebrae, although variations exist, with some individuals having 4 or 6 lumbar vertebrae due to anatomical differences. This segment has a C-shaped lordotic curve, providing strength and flexibility to the lower back.\", \"feedback\": \"\"}, {\"option\": \"Encased within the pelvis, the “Sacrum”, labelled in red  often termed the \\\"Tailbone,\\\" comprises 5 fused vertebrae, forming a solid structure at the base of the spine. It supports the weight of the upper body and distributes it across the pelvis.\", \"feedback\": \"\"}, {\"option\": \"The final segment, known as the ”Coccyx or Distal Tailbone,” unlabeled below the sacrum in red consists of 3 to 5 fused vertebrae. It forms the terminus of the vertebral column and, despite its small size, serves as an attachment site for ligaments and muscles of the pelvic floor.\", \"feedback\": \"\"}]','2024-09-23 04:31:46','Referred to as the \"Midback,” labelled in blue this portion contains 12 thoracic vertebrae. It exhibits a gentle reverse C-shaped curve, or kyphosis, which is essential for the stability of the upper body and protection of the thoracic organs.','multiple_choice',NULL,6,1),(22,'<div class=\"qtext\" id=\"yui_3_18_1_1_1727065925617_230\"><p>The spine, called “The Backbone of Your Life” is made up of 5 parts</p>\r\n<p id=\"yui_3_18_1_1_1727065925617_229\">Lumbar spine called the ………..</p></div>','[{\"option\": \"Known as the \\\"Neck,” labeled in orange,  this segment comprises 7 cervical vertebrae. It features a gentle C-shaped curvature, known as lordosis, which plays a crucial role in supporting the head and facilitating its range of motion.\", \"feedback\": \"\"}, {\"option\": \"Referred to as the \\\"Midback,” labelled in blue this portion contains 12 thoracic vertebrae. It exhibits a gentle reverse C-shaped curve, or kyphosis, which is essential for the stability of the upper body and protection of the thoracic organs.\", \"feedback\": \"\"}, {\"option\": \"Commonly called the \\\"Lower Back,\\\" labelled in purple, this area consists of 5 lumbar vertebrae, although variations exist, with some individuals having 4 or 6 lumbar vertebrae due to anatomical differences. This segment has a C-shaped lordotic curve, providing strength and flexibility to the lower back.\", \"feedback\": \"\"}, {\"option\": \"Encased within the pelvis, the “Sacrum”, labelled in red  often termed the \\\"Tailbone,\\\" comprises 5 fused vertebrae, forming a solid structure at the base of the spine. It supports the weight of the upper body and distributes it across the pelvis.\", \"feedback\": \"\"}, {\"option\": \"The final segment, known as the ”Coccyx or Distal Tailbone,” unlabeled below the sacrum in red consists of 3 to 5 fused vertebrae. It forms the terminus of the vertebral column and, despite its small size, serves as an attachment site for ligaments and muscles of the pelvic floor.\", \"feedback\": \"\"}]','2024-09-23 04:41:11','Commonly called the \"Lower Back,\" labelled in purple, this area consists of 5 lumbar vertebrae, although variations exist, with some individuals having 4 or 6 lumbar vertebrae due to anatomical differences. This segment has a C-shaped lordotic curve, providing strength and flexibility to the lower back.','multiple_choice',NULL,6,1),(23,'<div class=\"qtext\" id=\"yui_3_18_1_1_1727066503311_226\"><p id=\"yui_3_18_1_1_1727066503311_225\">The spine, called “The Backbone of Your Life” is made up of 5 parts</p>\r\n<p>Sacrum spine called the ………..</p></div>','[{\"option\": \"Known as the \\\"Neck,” labeled in orange,  this segment comprises 7 cervical vertebrae. It features a gentle C-shaped curvature, known as lordosis, which plays a crucial role in supporting the head and facilitating its range of motion.\", \"feedback\": \"\"}, {\"option\": \"Referred to as the \\\"Midback,” labelled in blue this portion contains 12 thoracic vertebrae. It exhibits a gentle reverse C-shaped curve, or kyphosis, which is essential for the stability of the upper body and protection of the thoracic organs.\", \"feedback\": \"\"}, {\"option\": \"Commonly called the \\\"Lower Back,\\\" labelled in purple, this area consists of 5 lumbar vertebrae, although variations exist, with some individuals having 4 or 6 lumbar vertebrae due to anatomical differences. This segment has a C-shaped lordotic curve, providing strength and flexibility to the lower back.\", \"feedback\": \"\"}, {\"option\": \"Encased within the pelvis, the “Sacrum”, labelled in red  often termed the \\\"Tailbone,\\\" comprises 5 fused vertebrae, forming a solid structure at the base of the spine. It supports the weight of the upper body and distributes it across the pelvis.\", \"feedback\": \"\"}, {\"option\": \"The final segment, known as the ”Coccyx or Distal Tailbone,” unlabeled below the sacrum in red consists of 3 to 5 fused vertebrae. It forms the terminus of the vertebral column and, despite its small size, serves as an attachment site for ligaments and muscles of the pelvic floor.\", \"feedback\": \"\"}]','2024-09-23 04:43:22','Encased within the pelvis, the “Sacrum”, labelled in red  often termed the \"Tailbone,\" comprises 5 fused vertebrae, forming a solid structure at the base of the spine. It supports the weight of the upper body and distributes it across the pelvis.','multiple_choice',NULL,6,1),(24,'<div class=\"qtext\" id=\"yui_3_18_1_1_1727066610391_226\"><p id=\"yui_3_18_1_1_1727066610391_225\">The spine, called “The Backbone of Your Life” is made up of 5 parts</p>\r\n<p>Coccyx spine called the ………..</p></div>','[{\"option\": \"Known as the \\\"Neck,” labeled in orange,  this segment comprises 7 cervical vertebrae. It features a gentle C-shaped curvature, known as lordosis, which plays a crucial role in supporting the head and facilitating its range of motion.\", \"feedback\": \"\"}, {\"option\": \"Referred to as the \\\"Midback,” labelled in blue this portion contains 12 thoracic vertebrae. It exhibits a gentle reverse C-shaped curve, or kyphosis, which is essential for the stability of the upper body and protection of the thoracic organs.\", \"feedback\": \"\"}, {\"option\": \"Commonly called the \\\"Lower Back,\\\" labelled in purple, this area consists of 5 lumbar vertebrae, although variations exist, with some individuals having 4 or 6 lumbar vertebrae due to anatomical differences. This segment has a C-shaped lordotic curve, providing strength and flexibility to the lower back.\", \"feedback\": \"\"}, {\"option\": \"Encased within the pelvis, the “Sacrum”, labelled in red  often termed the \\\"Tailbone,\\\" comprises 5 fused vertebrae, forming a solid structure at the base of the spine. It supports the weight of the upper body and distributes it across the pelvis.\", \"feedback\": \"\"}, {\"option\": \"The final segment, known as the ”Coccyx or Distal Tailbone,” unlabeled below the sacrum in red consists of 3 to 5 fused vertebrae. It forms the terminus of the vertebral column and, despite its small size, serves as an attachment site for ligaments and muscles of the pelvic floor.\", \"feedback\": \"\"}]','2024-09-23 04:45:02','The final segment, known as the ”Coccyx or Distal Tailbone,” unlabeled below the sacrum in red consists of 3 to 5 fused vertebrae. It forms the terminus of the vertebral column and, despite its small size, serves as an attachment site for ligaments and muscles of the pelvic floor.','multiple_choice',NULL,6,1),(25,'<p><br></p><p dir=\"ltr\" style=\"line-height:1.38;margin-top:0pt;margin-bottom:0pt;\"><strong style=\"font-weight:normal;\" id=\"docs-internal-guid-a44100a2-7fff-ea42-63e8-88952f9fb40b\"><span style=\"font-size:11pt;font-family:Arial,sans-serif;color:#000000;background-color:transparent;font-weight:700;font-style:normal;font-variant:normal;text-decoration:none;vertical-align:baseline;white-space:pre;white-space:pre-wrap;\"><span style=\"border:none;display:inline-block;overflow:hidden;width:288px;height:203px;\"><img src=\"https://lh7-rt.googleusercontent.com/docsz/AD_4nXfWFrUcJscfXWTzrX9Gf4XYrhCRgjtZXiyvdvon1yt_T7XBF7M8hjeSs-g3UHd6lMTSh_iy_Aa9xIz1S33wSR8KuABX0p1_87Zn4kmYKgunfqu0oRt1WoaFPGkR33yXCrx2CcNoC9SvYj693bS8pVJ54M8?key=0M8vRj0vZ5XCvi3mJzuAAg\" width=\"288\" height=\"203\" style=\"margin-left:0px;margin-top:0px;\"></span></span><span style=\"font-size:11pt;font-family:Arial,sans-serif;color:#000000;background-color:transparent;font-weight:700;font-style:normal;font-variant:normal;text-decoration:none;vertical-align:baseline;white-space:pre;white-space:pre-wrap;\"><span style=\"border:none;display:inline-block;overflow:hidden;width:283px;height:202px;\"><img src=\"https://lh7-rt.googleusercontent.com/docsz/AD_4nXdkdCkNCEshjmDAlKzPCNIbqbfry9r8L7cIjs5Xmbx9J39CMt3LXNb-30eU3fhB0IeJdJiL9SEf7D2GSMlksO7Xq57_1gXS0s-cP_tQEpcVJCfRUzJMEdzHLcbiQCp-uFsIg_fn6I0sfCoaQdfqlYEaQzhP?key=0M8vRj0vZ5XCvi3mJzuAAg\" width=\"283\" height=\"202\" style=\"margin-left:0px;margin-top:0px;\"></span></span></strong></p><p dir=\"ltr\" style=\"line-height:1.38;margin-top:0pt;margin-bottom:0pt;\"><strong style=\"font-weight:normal;\" id=\"docs-internal-guid-a44100a2-7fff-ea42-63e8-88952f9fb40b\"><span style=\"font-size:11pt;font-family:Arial,sans-serif;color:#000000;background-color:transparent;font-weight:700;font-style:normal;font-variant:normal;text-decoration:none;vertical-align:baseline;white-space:pre;white-space:pre-wrap;\">Facet Joints</span></strong></p><br><p><br></p>','[{\"option\": \"There are 24 pairs of facet joints in the spine\", \"feedback\": \"\"}, {\"option\": \"Most of the flexibility of the spine comes from the facet joints\", \"feedback\": \"\"}, {\"option\": \"Athletes and martial artists  learn to move the joints for range-of motion and power\", \"feedback\": \"\"}, {\"option\": \"Facet joints are true joints with capsules and joint fluid\", \"feedback\": \"\"}, {\"option\": \"All of the above are true.\", \"feedback\": \"\"}]','2024-09-23 04:53:44','All of the above are true.','multiple_choice',NULL,7,1),(26,'<p><br></p><p dir=\"ltr\" style=\"line-height:1.38;margin-top:0pt;margin-bottom:0pt;\"><strong style=\"font-weight:normal;\" id=\"docs-internal-guid-be1eb240-7fff-e1e0-7ade-50bd1b0a2886\"><span style=\"font-size:11pt;font-family:Arial,sans-serif;color:#000000;background-color:transparent;font-weight:700;font-style:normal;font-variant:normal;text-decoration:none;vertical-align:baseline;white-space:pre;white-space:pre-wrap;\"><span style=\"border:none;display:inline-block;overflow:hidden;width:403px;height:468px;\"><img src=\"https://lh7-rt.googleusercontent.com/docsz/AD_4nXdCy1QzC8U6d3lVm6DFSOwKkQkBoCILDO2V7K1nysltijJVeKhjVkYFVg9YhmuUu2krzDd3mJ4afpd6PQAO8wFqrWI1tPsixZwyO3_vUiYgX0tiZn_3T5TjeGl401qWjxvE6sOPBx2QdzK-8azEGDuH1QsQ?key=0M8vRj0vZ5XCvi3mJzuAAg\" width=\"403\" height=\"468\" style=\"margin-left:0px;margin-top:0px;\"></span></span></strong></p><p dir=\"ltr\" style=\"line-height:1.38;margin-top:0pt;margin-bottom:0pt;\"><strong style=\"font-weight:normal;\" id=\"docs-internal-guid-be1eb240-7fff-e1e0-7ade-50bd1b0a2886\"><span style=\"font-size:11pt;font-family:Arial,sans-serif;color:#000000;background-color:transparent;font-weight:700;font-style:normal;font-variant:normal;text-decoration:none;vertical-align:baseline;white-space:pre;white-space:pre-wrap;\">Which are correct about the Psoas Muscles?</span></strong></p><br>','[{\"option\": \"They are positioned next to the spine\", \"feedback\": \"\"}, {\"option\": \"They are called the innermost core muscles\", \"feedback\": \"\"}, {\"option\": \"They provide balance protection as you age\", \"feedback\": \"\"}, {\"option\": \"They are critical for spinal strength\", \"feedback\": \"\"}, {\"option\": \"All of the above\", \"feedback\": \"\"}]','2024-09-23 04:56:51','All of the above','multiple_choice',NULL,8,1),(27,'<p><br></p><p dir=\"ltr\" style=\"line-height:1.38;margin-top:0pt;margin-bottom:0pt;\"><strong style=\"font-weight:normal;\" id=\"docs-internal-guid-299b6a82-7fff-ecf1-2049-4c6fc3743446\"><span style=\"font-size:11pt;font-family:Arial,sans-serif;color:#000000;background-color:transparent;font-weight:700;font-style:normal;font-variant:normal;text-decoration:none;vertical-align:baseline;white-space:pre;white-space:pre-wrap;\"><span style=\"border:none;display:inline-block;overflow:hidden;width:602px;height:277px;\"><img src=\"https://lh7-rt.googleusercontent.com/docsz/AD_4nXd3yN4RaLGIKQ-10tzhzYdmgjkt5tzth25gGSSEzJCTzKVi1ZNHDQO8SQrBC7_-iyV02Lde0fsn5uzQAKxAimOb2eGYpvMXeyPIOuH9UG5QquqScOs-5idw6FwKreTJ7-w3FFgYjcW_tR2_yKaHkIxA1na9?key=0M8vRj0vZ5XCvi3mJzuAAg\" width=\"602\" height=\"277\" style=\"margin-left:0px;margin-top:0px;\"></span></span></strong></p><p dir=\"ltr\" style=\"line-height:1.38;margin-top:0pt;margin-bottom:0pt;\"><strong style=\"font-weight:normal;\" id=\"docs-internal-guid-299b6a82-7fff-ecf1-2049-4c6fc3743446\"><span style=\"font-size:11pt;font-family:Arial,sans-serif;color:#000000;background-color:transparent;font-weight:700;font-style:normal;font-variant:normal;text-decoration:none;vertical-align:baseline;white-space:pre;white-space:pre-wrap;\">Which exercise is best used to build your psoas muscles</span></strong></p><br>','[{\"option\": \"Crunches\", \"feedback\": \"\"}, {\"option\": \"Planks\", \"feedback\": \"\"}, {\"option\": \"Bicycle Crunches\", \"feedback\": \"\"}, {\"option\": \"Leg Raises\", \"feedback\": \"\"}]','2024-09-23 04:58:48','Planks','multiple_choice',NULL,8,1),(28,'<p><strong style=\"font-weight:normal;\" id=\"docs-internal-guid-4b79cd1a-7fff-c20d-0ccb-e9ac05fb223a\"><p dir=\"ltr\" style=\"line-height:1.38;margin-top:0pt;margin-bottom:0pt;\"><span style=\"font-size:11pt;font-family:Arial,sans-serif;color:#000000;background-color:transparent;font-weight:700;font-style:normal;font-variant:normal;text-decoration:none;vertical-align:baseline;white-space:pre;white-space:pre-wrap;\"><span style=\"border:none;display:inline-block;overflow:hidden;width:471px;height:360px;\"><img src=\"https://lh7-rt.googleusercontent.com/docsz/AD_4nXf9sxyYT9xpLKC3x-YDFer_7A2lfTO5svKsWwtbneT9pxCCW7IQu4kDpKVeoVls2hb_33K2XKErGMSAOdw4faEmTLiYRl00iqzzyTZnvbNeTniCCu8ZVOW6GbFEkdnimFRv4gVFsDGsIyOcvY52fuShtSI?key=0M8vRj0vZ5XCvi3mJzuAAg\" width=\"471\" height=\"360\" style=\"margin-left:0px;margin-top:0px;\"></span></span></p><p dir=\"ltr\" style=\"line-height:1.38;margin-top:0pt;margin-bottom:0pt;\"><span style=\"font-size:11pt;font-family:Arial,sans-serif;color:#000000;background-color:transparent;font-weight:700;font-style:normal;font-variant:normal;text-decoration:none;vertical-align:baseline;white-space:pre;white-space:pre-wrap;\">Which exercises are used to build your abdominal muscles</span></p></strong><br></p>','[{\"option\": \"Crunches\", \"feedback\": \"\"}, {\"option\": \"Planks\", \"feedback\": \"\"}, {\"option\": \"Bicycle Crunches\", \"feedback\": \"\"}, {\"option\": \"Leg Raises\", \"feedback\": \"\"}, {\"option\": \"All of the above\", \"feedback\": \"\"}]','2024-09-23 05:01:05','All of the above','multiple_choice',NULL,8,1),(29,'<p><strong style=\"font-weight:normal;\" id=\"docs-internal-guid-2222b8b0-7fff-59bd-8333-cfbf1b049a01\"><p dir=\"ltr\" style=\"line-height:1.38;margin-top:0pt;margin-bottom:0pt;\"><span style=\"font-size:11pt;font-family:Arial,sans-serif;color:#000000;background-color:transparent;font-weight:700;font-style:normal;font-variant:normal;text-decoration:none;vertical-align:baseline;white-space:pre;white-space:pre-wrap;\"><span style=\"border:none;display:inline-block;overflow:hidden;width:389px;height:437px;\"><img src=\"https://lh7-rt.googleusercontent.com/docsz/AD_4nXd3-qPt6OtA8NroozEYBFTil7MsCml4M8Jv9U6XiYGV_VdprIXRiKM2686TNJv7FvmmOBwwQbKAMU-3kSkRELeF7-TfPwBXIcqOom_KMsdqrxrmfFX79EAp8BfSNN8tcbGLPfxAy1KgNP9oyl9LuAWJgz23?key=0M8vRj0vZ5XCvi3mJzuAAg\" width=\"389\" height=\"437\" style=\"margin-left:0px;margin-top:0px;\"></span></span></p><p dir=\"ltr\" style=\"line-height:1.38;margin-top:0pt;margin-bottom:0pt;\"><span style=\"font-size:11pt;font-family:Arial,sans-serif;color:#000000;background-color:transparent;font-weight:700;font-style:normal;font-variant:normal;text-decoration:none;vertical-align:baseline;white-space:pre;white-space:pre-wrap;\">Which exercises are used to build your back or extensor muscles?</span></p></strong><br></p>','[{\"option\": \"Supermans\", \"feedback\": \"\"}, {\"option\": \"Bird Dog\", \"feedback\": \"\"}, {\"option\": \"Planks\", \"feedback\": \"\"}, {\"option\": \"All of the above\", \"feedback\": \"\"}]','2024-09-23 05:03:40','All of the above','multiple_choice',NULL,8,1),(30,'<p><strong style=\"font-weight:normal;\" id=\"docs-internal-guid-92896610-7fff-3fbd-4303-ce97ca193a3d\"><p dir=\"ltr\" style=\"line-height:1.38;margin-top:0pt;margin-bottom:0pt;\"><span style=\"font-size:11pt;font-family:Arial,sans-serif;color:#000000;background-color:transparent;font-weight:700;font-style:normal;font-variant:normal;text-decoration:none;vertical-align:baseline;white-space:pre;white-space:pre-wrap;\"><span style=\"border:none;display:inline-block;overflow:hidden;width:533px;height:435px;\"><img src=\"https://lh7-rt.googleusercontent.com/docsz/AD_4nXeXiw4QPEKkQYmQqLEadsjFei50lb9f_owh6BDmd6YFOwQf2xoizJGUKSUx-zZmWiZSOSai9A6kJE4-75Vu_aMOMnAqbFNy3KZ-HGHeIX758sTDEeh_Sp_420_Cz0eRhcr9iasiehid7UKwyoU7f148E0A?key=0M8vRj0vZ5XCvi3mJzuAAg\" width=\"533\" height=\"435\" style=\"margin-left:0px;margin-top:0px;\"></span></span></p><p dir=\"ltr\" style=\"line-height:1.38;margin-top:0pt;margin-bottom:0pt;\"><span style=\"font-size:11pt;font-family:Arial,sans-serif;color:#000000;background-color:transparent;font-weight:700;font-style:normal;font-variant:normal;text-decoration:none;vertical-align:baseline;white-space:pre;white-space:pre-wrap;\">Which exercises are used to build your gluteus buttock muscles?</span></p></strong><br></p>','[{\"option\": \"Squats\", \"feedback\": \"\"}, {\"option\": \"Lunges\", \"feedback\": \"\"}, {\"option\": \"Glute bridges\", \"feedback\": \"\"}, {\"option\": \"Hip Thrusts\", \"feedback\": \"\"}, {\"option\": \"All of the above\", \"feedback\": \"\"}]','2024-09-23 05:05:39','All of the above','multiple_choice',NULL,8,1),(31,'<p><strong style=\"font-weight:normal;\" id=\"docs-internal-guid-245b77cf-7fff-7555-f355-7da75708c81f\"><p dir=\"ltr\" style=\"line-height:1.38;margin-top:0pt;margin-bottom:0pt;\"><span style=\"font-size:11pt;font-family:Arial,sans-serif;color:#000000;background-color:transparent;font-weight:700;font-style:normal;font-variant:normal;text-decoration:none;vertical-align:baseline;white-space:pre;white-space:pre-wrap;\"><span style=\"border:none;display:inline-block;overflow:hidden;width:435px;height:435px;\"><img src=\"https://lh7-rt.googleusercontent.com/docsz/AD_4nXdwQaDJqgDoptaAqWHae-kNXijs-HDP9TUXzCwDtZga4n7cfaSkajWw0dAwWlAPPSj4kBZmakneu4Y0F3gYDmGhPL3qm-E4x5KQFIGenDh8AVP5lE4S-d6druNLctdJiUBuTLFizdPAfh8V8f3kp37TVHBY?key=0M8vRj0vZ5XCvi3mJzuAAg\" width=\"435\" height=\"435\" style=\"margin-left:0px;margin-top:0px;\"></span></span></p><p dir=\"ltr\" style=\"line-height:1.38;margin-top:0pt;margin-bottom:0pt;\"><span style=\"font-size:11pt;font-family:Arial,sans-serif;color:#000000;background-color:transparent;font-weight:700;font-style:normal;font-variant:normal;text-decoration:none;vertical-align:baseline;white-space:pre;white-space:pre-wrap;\">Name the spinal condition seen here:...</span></p></strong><br></p>','[{\"option\": \"Normal spine, normal spinal canal, normal nerve root channels\", \"feedback\": \"\"}, {\"option\": \"Annular Tear of the disc\", \"feedback\": \"\"}, {\"option\": \"Herniated disc called a slipped disc\", \"feedback\": \"\"}, {\"option\": \"Spinal stenosis called arthritis\", \"feedback\": \"\"}]','2024-09-23 05:10:13','Normal spine, normal spinal canal, normal nerve root channels','multiple_choice',NULL,9,1),(32,'<p><strong style=\"font-weight:normal;\" id=\"docs-internal-guid-fd96b833-7fff-1000-aa13-aba9aa08a712\"><p dir=\"ltr\" style=\"line-height:1.38;margin-top:0pt;margin-bottom:0pt;\"><span style=\"font-size:11pt;font-family:Arial,sans-serif;color:#000000;background-color:transparent;font-weight:700;font-style:normal;font-variant:normal;text-decoration:none;vertical-align:baseline;white-space:pre;white-space:pre-wrap;\"><span style=\"border:none;display:inline-block;overflow:hidden;width:448px;height:448px;\"><img src=\"https://lh7-rt.googleusercontent.com/docsz/AD_4nXdreLKAkM0oFvkb4t3QDFPslDXl6rJNzW8ztEVSR-PbX0CT44OvM3AVDHlZ3HsDIvFzQOfIj9cG5IUxEDUeZZgeLjaiNQBbp9jIVvSnwppmPfan8U3C5DHuZzqUL3b61dJ6IZ_Tr6yV4p1XWgSdyuWl0Km4?key=0M8vRj0vZ5XCvi3mJzuAAg\" width=\"448\" height=\"448\" style=\"margin-left:0px;margin-top:0px;\"></span></span></p><p dir=\"ltr\" style=\"line-height:1.38;margin-top:0pt;margin-bottom:0pt;\"><span style=\"font-size:11pt;font-family:Arial,sans-serif;color:#000000;background-color:transparent;font-weight:700;font-style:normal;font-variant:normal;text-decoration:none;vertical-align:baseline;white-space:pre;white-space:pre-wrap;\">Name the spinal condition seen here:...</span></p></strong><br></p>','[{\"option\": \"Normal spine, normal spinal canal, normal nerve root channels\", \"feedback\": \"\"}, {\"option\": \"Annular Tear of the disc\", \"feedback\": \"\"}, {\"option\": \"Herniated disc called a slipped disc\", \"feedback\": \"\"}, {\"option\": \"Spinal stenosis called arthritis\", \"feedback\": \"\"}]','2024-09-23 05:11:57','Annular Tear of the disc','multiple_choice',NULL,9,1),(33,'<p><strong style=\"font-weight:normal;\" id=\"docs-internal-guid-bae6c7e5-7fff-ab79-9d12-cf3bfe91eb82\"><p dir=\"ltr\" style=\"line-height:1.38;margin-top:0pt;margin-bottom:0pt;\"><span style=\"font-size:11pt;font-family:Arial,sans-serif;color:#000000;background-color:transparent;font-weight:700;font-style:normal;font-variant:normal;text-decoration:none;vertical-align:baseline;white-space:pre;white-space:pre-wrap;\"><span style=\"border:none;display:inline-block;overflow:hidden;width:449px;height:449px;\"><img src=\"https://lh7-rt.googleusercontent.com/docsz/AD_4nXeqA3BmqrnsH9GPIPRBCRK9hXH6G2s0j4stxkONJ92Ytd39wCSg760gEaRoP9Y5UGGqCvLz_OruZScyidbYDYAGhsLluD3F1dLJZUJZHu_Q1jTvAR4bY-ERjZvkZfm0fVoGvpUvRBYpo05lz4SjxcAj7AHG?key=0M8vRj0vZ5XCvi3mJzuAAg\" width=\"449\" height=\"449\" style=\"margin-left:0px;margin-top:0px;\"></span></span></p><p dir=\"ltr\" style=\"line-height:1.38;margin-top:0pt;margin-bottom:0pt;\"><span style=\"font-size:11pt;font-family:Arial,sans-serif;color:#000000;background-color:transparent;font-weight:700;font-style:normal;font-variant:normal;text-decoration:none;vertical-align:baseline;white-space:pre;white-space:pre-wrap;\">Name the spinal condition seen here .....</span></p></strong><br></p>','[{\"option\": \"Normal spine, normal spinal canal, normal nerve root channels\", \"feedback\": \"\"}, {\"option\": \"Annular Tear of the disc\", \"feedback\": \"\"}, {\"option\": \"Herniated disc called a slipped disc\", \"feedback\": \"\"}, {\"option\": \"Spinal stenosis called arthritis\", \"feedback\": \"\"}]','2024-09-23 05:13:47','Herniated disc called a slipped disc','multiple_choice',NULL,9,1),(34,'<p><strong style=\"font-weight:normal;\" id=\"docs-internal-guid-5c84fcba-7fff-e113-af4a-dcbe2049b3c2\"><p dir=\"ltr\" style=\"line-height:1.38;margin-top:0pt;margin-bottom:0pt;\"><span style=\"font-size:11pt;font-family:Arial,sans-serif;color:#000000;background-color:transparent;font-weight:700;font-style:normal;font-variant:normal;text-decoration:none;vertical-align:baseline;white-space:pre;white-space:pre-wrap;\"><span style=\"border:none;display:inline-block;overflow:hidden;width:503px;height:503px;\"><img src=\"https://lh7-rt.googleusercontent.com/docsz/AD_4nXeEavjNqSH-ZUtpv-dRP4JjzA1X48eW0L62jYam8JSl9VdAz5VAPlU-nIdOqPJuTXj9eLF16VrAqbfY5ozj3R-erhtPI9AWPUEtHgXklgxnrdJ1NnthdZdzq_a8QYTnWy3bAXGzvwhct7IejAPkMEwBz0Cu?key=0M8vRj0vZ5XCvi3mJzuAAg\" width=\"503\" height=\"503\" style=\"margin-left:0px;margin-top:0px;\"></span></span></p><p dir=\"ltr\" style=\"line-height:1.38;margin-top:0pt;margin-bottom:0pt;\"><span style=\"font-size:11pt;font-family:Arial,sans-serif;color:#000000;background-color:transparent;font-weight:700;font-style:normal;font-variant:normal;text-decoration:none;vertical-align:baseline;white-space:pre;white-space:pre-wrap;\">Name the spinal condition seen here:</span></p></strong><br></p>','[{\"option\": \"Normal spine, normal spinal canal, normal nerve root channels\", \"feedback\": \"\"}, {\"option\": \"Annular Tear of the disc\", \"feedback\": \"\"}, {\"option\": \"Herniated disc called a slipped disc\", \"feedback\": \"\"}, {\"option\": \"Spinal stenosis called arthritis\", \"feedback\": \"\"}]','2024-09-23 05:16:37','Spinal stenosis called arthritis','multiple_choice',NULL,9,1),(35,'<p><strong style=\"font-weight:normal;\" id=\"docs-internal-guid-d9e103c1-7fff-ef06-f00c-ce07c6747f11\"><p dir=\"ltr\" style=\"line-height:1.38;margin-top:0pt;margin-bottom:0pt;\"><span style=\"font-size:11pt;font-family:Arial,sans-serif;color:#000000;background-color:transparent;font-weight:700;font-style:normal;font-variant:normal;text-decoration:none;vertical-align:baseline;white-space:pre;white-space:pre-wrap;\"><span style=\"border:none;display:inline-block;overflow:hidden;width:596px;height:413px;\"><img src=\"https://lh7-rt.googleusercontent.com/docsz/AD_4nXcOLfsLRXRsDu0DacdBVjEy2_CcAK0OqXVDKpKeYTObTRaQ027od3VXzAjyJM3jKDCbVbfZSqgb6t1r9pSU8T_fNUtSXf4r44kZpJPxfBhnYhJFQaLya3aXjQY3lQGc_YLHZXyrxadCzGKGzX8f-byjtffx?key=0M8vRj0vZ5XCvi3mJzuAAg\" width=\"596\" height=\"413\" style=\"margin-left:0px;margin-top:0px;\"></span></span></p><p dir=\"ltr\" style=\"line-height:1.38;margin-top:0pt;margin-bottom:0pt;\"><span style=\"font-size:11pt;font-family:Arial,sans-serif;color:#000000;background-color:transparent;font-weight:700;font-style:normal;font-variant:normal;text-decoration:none;vertical-align:baseline;white-space:pre;white-space:pre-wrap;\">Your super amazing nerves include specific nerves to carry which information?</span></p></strong><br></p>','[{\"option\": \"Sensation all about the body.\", \"feedback\": \"\"}, {\"option\": \"Motor strength to the body, so that if you touch a hot object your hand pulls away in milliseconds.\", \"feedback\": \"\"}, {\"option\": \"Position sensation fibers so that you know where all your body parts are always.\", \"feedback\": \"\"}, {\"option\": \"All the above\", \"feedback\": \"\"}]','2024-09-23 05:24:52','All the above','multiple_choice',NULL,10,1),(36,'<p><strong style=\"font-weight:normal;\" id=\"docs-internal-guid-2370b6bd-7fff-daf1-d466-f8fd76d8e73a\"><p dir=\"ltr\" style=\"line-height:1.38;margin-top:0pt;margin-bottom:0pt;\"><span style=\"font-size:11pt;font-family:Arial,sans-serif;color:#000000;background-color:transparent;font-weight:700;font-style:normal;font-variant:normal;text-decoration:none;vertical-align:baseline;white-space:pre;white-space:pre-wrap;\"><span style=\"border:none;display:inline-block;overflow:hidden;width:599px;height:373px;\"><img src=\"https://lh7-rt.googleusercontent.com/docsz/AD_4nXfJyfJZMYAbUTDe3o6q1Xjh5olyLiaXUFStRrhcmShNF9Vg_FgiqW29simWefksfHDct_e2YDiicFXRg5k0nMiGUETLdiAMmOz-HdpntnUjbilRc5sGbc8auR1oEXyYFwh4d5WvUifI5SCo5ezFjGcD9r9X?key=0M8vRj0vZ5XCvi3mJzuAAg\" width=\"599\" height=\"373\" style=\"margin-left:0px;margin-top:0px;\"></span></span></p><p dir=\"ltr\" style=\"line-height:1.38;margin-top:0pt;margin-bottom:0pt;\"><span style=\"font-size:11pt;font-family:Arial,sans-serif;color:#000000;background-color:transparent;font-weight:700;font-style:normal;font-variant:normal;text-decoration:none;vertical-align:baseline;white-space:pre;white-space:pre-wrap;\">How does our spinal nerves reflect our inner and outer lives?</span></p></strong><br></p>','[{\"option\": \"When you are stressed, the arteries of the nerve constrict, impairing the metabolism of the nerve, and diminishing the threshold for the nerve to be painful.\", \"feedback\": \"\"}, {\"option\": \"When you are smoking, the arteries of the nerve constrict, impairing the metabolism of the nerve, and diminishing the threshold for the nerve to be painful.\", \"feedback\": \"\"}, {\"option\": \"When you are deeply relaxed, perhaps, with meditation, yoga and deep belly, breathing,  the arteries of the nerves, expand, the veins work better promoting the metabolism of the nerve, making it less likely for the nerve to be painful. \", \"feedback\": \"\"}, {\"option\": \"All are correct\", \"feedback\": \"\"}]','2024-09-23 05:27:20','All are correct','multiple_choice',NULL,10,1),(37,'<p><strong style=\"font-weight:normal;\" id=\"docs-internal-guid-b026d52e-7fff-36f4-c730-072ec74d7aa7\"><p dir=\"ltr\" style=\"line-height:1.38;margin-top:0pt;margin-bottom:0pt;\"><span style=\"font-size:11pt;font-family:Arial,sans-serif;color:#000000;background-color:transparent;font-weight:700;font-style:normal;font-variant:normal;text-decoration:none;vertical-align:baseline;white-space:pre;white-space:pre-wrap;\">If you commit to doing a one-minute plank every day for 250 days, how much total time will you have spent planking?</span></p><p dir=\"ltr\" style=\"line-height:1.38;margin-top:0pt;margin-bottom:0pt;\"><span style=\"font-size:11pt;font-family:Arial,sans-serif;color:#000000;background-color:transparent;font-weight:700;font-style:normal;font-variant:normal;text-decoration:none;vertical-align:baseline;white-space:pre;white-space:pre-wrap;\"><span style=\"border:none;display:inline-block;overflow:hidden;width:602px;height:401px;\"><img src=\"https://lh7-rt.googleusercontent.com/docsz/AD_4nXd3daQrQbv0773-VOOrCHTxlxLua2Eok9SxxC_1JWxsMan0MOfM07cyIEgHEtWWZ6bRlHPHB2Bhzx7lp19984xkSmpcjFEhnIzo5iJpZ1N0gflHIte6euQ0h1RQDPn5jsZocGEZdBa1h4MWhZlIgqcfmJsS?key=0M8vRj0vZ5XCvi3mJzuAAg\" width=\"602\" height=\"401\" style=\"margin-left:0px;margin-top:0px;\"></span></span></p></strong><br></p>','[{\"option\": \"30 minutes\", \"feedback\": \"\"}, {\"option\": \"1 hour\", \"feedback\": \"\"}, {\"option\": \"4 hours and 10 minutes\", \"feedback\": \"\"}, {\"option\": \"100 hours\", \"feedback\": \"\"}]','2024-09-23 06:18:57','4 hours and 10 minutes','multiple_choice',NULL,12,1),(38,'<p><span lang=\"EN-US\">Is it true that the human body completely renews itself every 7 to 10 years?</span></p>','[{\"option\": \"True\", \"feedback\": \"\"}, {\"option\": \"False\", \"feedback\": \"\"}, {\"option\": \"It\'s Complicated\", \"feedback\": \"\"}, {\"option\": \"\", \"feedback\": \"\"}]','2024-09-23 06:20:14','It\'s Complicated','multiple_choice',NULL,12,1),(39,'<p><span lang=\"EN-US\" id=\"yui_3_18_1_1_1727072487329_224\">Considering the \r\nbenefits of short breaks, how much personal vacation time would be \r\ntaking a 30-minute break during your free time for 300 days add up to?</span></p>','[{\"option\": \"1 week of personal vacation\", \"feedback\": \"\"}, {\"option\": \"2 weeks of personal vacation\", \"feedback\": \"\"}, {\"option\": \"3 weeks of personal vacation\", \"feedback\": \"\"}, {\"option\": \"4 weeks of personal vacation\", \"feedback\": \"\"}]','2024-09-23 06:22:34','4 weeks of personal vacation','multiple_choice',NULL,12,1),(40,'<p><strong style=\"font-weight:normal;\" id=\"docs-internal-guid-4bb081ff-7fff-d01b-73e6-79660da5ae8b\"><p dir=\"ltr\" style=\"line-height:1.38;margin-top:0pt;margin-bottom:0pt;\"><span style=\"font-size:11pt;font-family:Arial,sans-serif;color:#000000;background-color:transparent;font-weight:700;font-style:normal;font-variant:normal;text-decoration:none;vertical-align:baseline;white-space:pre;white-space:pre-wrap;\">Engaging in a routine of 25 pushups, 25 sit-ups, and 25 squats daily adds up significantly over 250 days. How many repetitions of each exercise will you have completed by the end of this period?</span></p><span style=\"font-size:11pt;font-family:Arial,sans-serif;color:#000000;background-color:transparent;font-weight:700;font-style:normal;font-variant:normal;text-decoration:none;vertical-align:baseline;white-space:pre;white-space:pre-wrap;\"><span style=\"border:none;display:inline-block;overflow:hidden;width:192px;height:143px;\"><img src=\"https://lh7-rt.googleusercontent.com/docsz/AD_4nXevrJ5zZjVC8VyururPMIGQMJDETp3KRXYqVOnS5lUMMGhWN3aAdcUEjqjmkWizPARBXAgss5Op6x_LcCcZJcTjgKGIYHIgEaTzpdt7VfYDeYjw2ovpewhw6qqpL7f2vxw1DMgdSUAeGpSTpY6lPplkrb_j?key=0M8vRj0vZ5XCvi3mJzuAAg\" width=\"192\" height=\"143\" style=\"margin-left:0px;margin-top:0px;\"></span></span><span style=\"font-size:11pt;font-family:Arial,sans-serif;color:#000000;background-color:transparent;font-weight:700;font-style:normal;font-variant:normal;text-decoration:none;vertical-align:baseline;white-space:pre;white-space:pre-wrap;\"><span style=\"border:none;display:inline-block;overflow:hidden;width:200px;height:142px;\"><img src=\"https://lh7-rt.googleusercontent.com/docsz/AD_4nXdZe4acc2AA9-zxTaInceWhoN1kcZ0yhNJ3Z_7qwVltw3TQrfvJfUMC7JovuPU1KQgTFT3TZ6UZFkXaAOL8rBcbjJO5MYWq_Tj-M2WXxvaT3uX3QutZkiJ4zXUtlhsrJkexZQRyZk98PXR7VqzyWenX3flu?key=0M8vRj0vZ5XCvi3mJzuAAg\" width=\"200\" height=\"142\" style=\"margin-left:0px;margin-top:0px;\"></span></span><span style=\"font-size:11pt;font-family:Arial,sans-serif;color:#000000;background-color:transparent;font-weight:700;font-style:normal;font-variant:normal;text-decoration:none;vertical-align:baseline;white-space:pre;white-space:pre-wrap;\"><span style=\"border:none;display:inline-block;overflow:hidden;width:187px;height:143px;\"><img src=\"https://lh7-rt.googleusercontent.com/docsz/AD_4nXdEI-wXS7czuUp7RBU7gUnlCrqezqolwFEUovcVwr05hKBDl4t0OyV7RKMVN-GCytRBdpgoKTdJ_wxw5Lr4cNhcjIRaD71BjRBdO9dgoQzEDHJ6qlXEbU1_DfJGyqEEnMbC2V1FqcNozEltRS3cMINC-kdH?key=0M8vRj0vZ5XCvi3mJzuAAg\" width=\"187\" height=\"143\" style=\"margin-left:0px;margin-top:0px;\"></span></span></strong></p>','[{\"option\": \"200\", \"feedback\": \"\"}, {\"option\": \"4000\", \"feedback\": \"\"}, {\"option\": \"6250\", \"feedback\": \"\"}, {\"option\": \"10000\", \"feedback\": \"\"}]','2024-09-23 06:28:55','6250','multiple_choice',NULL,12,1),(41,'<p><br></p><p dir=\"ltr\" style=\"line-height:1.38;margin-top:12pt;margin-bottom:12pt;\"><strong style=\"font-weight:normal;\" id=\"docs-internal-guid-e342f780-7fff-401f-c02c-9c98a9487058\"><span style=\"font-size:11pt;font-family:Arial,sans-serif;color:#000000;background-color:transparent;font-weight:700;font-style:normal;font-variant:normal;text-decoration:none;vertical-align:baseline;white-space:pre;white-space:pre-wrap;\">Meditating daily creates moments of clarity and peace. If you meditate once a day for 300 days in a year, how many opportunities for enhancing your well-being will you have created?</span></strong></p><p dir=\"ltr\" style=\"line-height:1.38;margin-top:12pt;margin-bottom:12pt;\"><strong style=\"font-weight:normal;\" id=\"docs-internal-guid-e342f780-7fff-401f-c02c-9c98a9487058\"><span style=\"font-size:11pt;font-family:Arial,sans-serif;color:#000000;background-color:transparent;font-weight:700;font-style:normal;font-variant:normal;text-decoration:none;vertical-align:baseline;white-space:pre;white-space:pre-wrap;\"><span style=\"border:none;display:inline-block;overflow:hidden;width:602px;height:401px;\"><img src=\"https://lh7-rt.googleusercontent.com/docsz/AD_4nXcUplXx3stjh5T_STg33QsXDr7ut3K92Cas7H6FB1P8I69tkfeealLerX0hytbPExEnZqm2SCEBsQf-yAyD9A1xLpPKIWTEPy9f-bn5F9_NDxGHGC3DzCbdgsFQWv9HFRMcAjdoyu4AqGQcWHv2EeXX0WF1?key=0M8vRj0vZ5XCvi3mJzuAAg\" width=\"602\" height=\"401\" style=\"margin-left:0px;margin-top:0px;\"></span></span></strong></p><br>','[{\"option\": \"100 opportunities\", \"feedback\": \"\"}, {\"option\": \"200 opportunities\", \"feedback\": \"\"}, {\"option\": \"300 opportunities\", \"feedback\": \"\"}, {\"option\": \"400 opportunities\", \"feedback\": \"\"}]','2024-09-23 06:30:42','300 opportunities','multiple_choice',NULL,12,1),(42,'<p><strong style=\"font-weight:normal;\" id=\"docs-internal-guid-208886f8-7fff-d370-fbc2-7de745ee03f5\"><p dir=\"ltr\" style=\"line-height:1.38;margin-top:12pt;margin-bottom:12pt;\"><span style=\"font-size:11pt;font-family:Arial,sans-serif;color:#000000;background-color:transparent;font-weight:700;font-style:normal;font-variant:normal;text-decoration:none;vertical-align:baseline;white-space:pre;white-space:pre-wrap;\">Deep belly breathing 10 times a day for 365 days a year leads to</span></p><p dir=\"ltr\" style=\"line-height:1.38;margin-top:12pt;margin-bottom:12pt;\"><span style=\"font-size:11pt;font-family:Arial,sans-serif;color:#000000;background-color:transparent;font-weight:700;font-style:normal;font-variant:normal;text-decoration:none;vertical-align:baseline;white-space:pre;white-space:pre-wrap;\"><span style=\"border:none;display:inline-block;overflow:hidden;width:442px;height:290px;\"><img src=\"https://lh7-rt.googleusercontent.com/docsz/AD_4nXf4uTfDj98wW7vq1vS30rJZckUpMkbV-NPB1WMw1W2Ly1ZC1FzB3PtnsBYXm6_An4vhtHCLYMji8gNwO3rPvTatrwC_venb9NSkTcQOyby6HF5qb1gtKbEF0hJ3-ivOfEKeSkIKHCgxYsFiDKkgC5h5xRqt?key=0M8vRj0vZ5XCvi3mJzuAAg\" width=\"442\" height=\"290\" style=\"margin-left:0px;margin-top:0px;\"></span></span></p></strong><br></p>','[{\"option\": \"365 deep belly breaths\", \"feedback\": \"\"}, {\"option\": \" 3,650 deep belly breaths\", \"feedback\": \"\"}, {\"option\": \"36,500 deep belly breaths\", \"feedback\": \"\"}, {\"option\": \"\", \"feedback\": \"\"}]','2024-09-23 06:32:21',' 3,650 deep belly breaths','multiple_choice',NULL,12,1),(43,'<p><strong style=\"font-weight:normal;\" id=\"docs-internal-guid-6308b031-7fff-e4c3-a6eb-51f7b9b365d1\"><p dir=\"ltr\" style=\"line-height:1.38;margin-top:12pt;margin-bottom:12pt;\"><span style=\"font-size:11pt;font-family:Arial,sans-serif;color:#000000;background-color:transparent;font-weight:700;font-style:normal;font-variant:normal;text-decoration:none;vertical-align:baseline;white-space:pre;white-space:pre-wrap;\"><span style=\"border:none;display:inline-block;overflow:hidden;width:602px;height:401px;\"><img src=\"https://lh7-rt.googleusercontent.com/docsz/AD_4nXeAiwshDQAtv7rwdS_SLlRCGk4Rga1z1K6EJAXgkgjGBhoaVk4yM7UkrqG5858YEoy4xzLzxUpH9zl4OWOb2qfjKVl9BTh9Sdqzusqxtm4O4nkA4_gRCn_Vb-Q2qMqTQ78cpzIrECjRGGcySsDUTeEakigX?key=0M8vRj0vZ5XCvi3mJzuAAg\" width=\"602\" height=\"401\" style=\"margin-left:0px;margin-top:0px;\"></span></span></p><p dir=\"ltr\" style=\"line-height:1.38;margin-top:12pt;margin-bottom:12pt;\"><span style=\"font-size:11pt;font-family:Arial,sans-serif;color:#000000;background-color:transparent;font-weight:700;font-style:normal;font-variant:normal;text-decoration:none;vertical-align:baseline;white-space:pre;white-space:pre-wrap;\">What effects does slouching and hunching have on the spine?</span></p></strong><br></p>','[{\"option\": \"Increased Stress on the Spine\", \"feedback\": \"\"}, {\"option\": \"Muscle Strain and Imbalance\", \"feedback\": \"\"}, {\"option\": \"Compression of Spinal Discs\", \"feedback\": \"\"}, {\"option\": \"Reduced Flexibility and Range of Motion\", \"feedback\": \"\"}, {\"option\": \"All of the above\", \"feedback\": \"\"}]','2024-09-23 06:39:05','All of the above','multiple_choice',NULL,13,1),(44,'<p><strong style=\"font-weight:normal;\" id=\"docs-internal-guid-03cede7e-7fff-82b0-f723-3a8d62da7260\"><p dir=\"ltr\" style=\"line-height:1.38;margin-top:12pt;margin-bottom:12pt;\"><span style=\"font-size:11pt;font-family:Arial,sans-serif;color:#000000;background-color:transparent;font-weight:700;font-style:normal;font-variant:normal;text-decoration:none;vertical-align:baseline;white-space:pre;white-space:pre-wrap;\"><span style=\"border:none;display:inline-block;overflow:hidden;width:602px;height:401px;\"><img src=\"https://lh7-rt.googleusercontent.com/docsz/AD_4nXcnbyg8H6T0Fz-IA9NECHHan-ezIuRU9IYrSWTrmtW0yjBBO8v3U9UR03fqDQ_x1eZpFZHBIOAbMl9sFpTDwdzAzoaiXziAswwQrFAcDf40c7GCoFmNkpFPPzJ4mwiOE6qGZkwdtIhVA3ISOkhBEmdSYgDS?key=0M8vRj0vZ5XCvi3mJzuAAg\" width=\"602\" height=\"401\" style=\"margin-left:0px;margin-top:0px;\"></span></span></p><p dir=\"ltr\" style=\"line-height:1.38;margin-top:12pt;margin-bottom:12pt;\"><span style=\"font-size:11pt;font-family:Arial,sans-serif;color:#000000;background-color:transparent;font-weight:700;font-style:normal;font-variant:normal;text-decoration:none;vertical-align:baseline;white-space:pre;white-space:pre-wrap;\">High heels are often regarded as a fundamental aspect of fashion for many women worldwide. Common wisdom suggests that wearing high heels alters the body\'s posture, causing the abdomen to protrude (lordosis), the buttocks to appear higher and more pronounced, and the lumbar spine to curve more, which can compress nerves as they exit the spinal channels.</span></p></strong><br></p>','[{\"option\": \"True\", \"feedback\": \"\"}, {\"option\": \"False\", \"feedback\": \"\"}, {\"option\": \"It’s Complicated\", \"feedback\": \"\"}, {\"option\": \"\", \"feedback\": \"\"}]','2024-09-23 06:41:19','True','multiple_choice',NULL,13,1),(45,'<p><br></p><p dir=\"ltr\" style=\"line-height:1.38;margin-top:12pt;margin-bottom:12pt;\"><strong style=\"font-weight:normal;\" id=\"docs-internal-guid-4e340445-7fff-7ec1-8994-e17760e6286d\"><span style=\"font-size:11pt;font-family:Arial,sans-serif;color:#000000;background-color:transparent;font-weight:700;font-style:normal;font-variant:normal;text-decoration:none;vertical-align:baseline;white-space:pre;white-space:pre-wrap;\"><span style=\"border:none;display:inline-block;overflow:hidden;width:602px;height:441px;\"><img src=\"https://lh7-rt.googleusercontent.com/docsz/AD_4nXfNq25i8L9cqmQcScwpL6u139D40feHd-qHGerQpyoVtTiUOGdGCyEECnQ-RA79pAQZeiLVx8deGIvIobvAhLLE4HfJMZFkwI_fMZ_x_adI7TWRgugqYLKVtAdwjvYGvhB7xVJxSirnnbr0s41JBHuC_4g?key=0M8vRj0vZ5XCvi3mJzuAAg\" width=\"602\" height=\"441\" style=\"margin-left:0px;margin-top:0px;\"></span></span></strong></p><p dir=\"ltr\" style=\"line-height:1.38;margin-top:12pt;margin-bottom:12pt;\"><strong style=\"font-weight:normal;\" id=\"docs-internal-guid-4e340445-7fff-7ec1-8994-e17760e6286d\"><span style=\"font-size:11pt;font-family:Arial,sans-serif;color:#000000;background-color:transparent;font-weight:700;font-style:normal;font-variant:normal;text-decoration:none;vertical-align:baseline;white-space:pre;white-space:pre-wrap;\">How are \"forward head posture\" and \"text neck\" related?</span></strong></p><br>','[{\"option\": \"Forward Head Posture: This happens when your head juts forward beyond your shoulders, which can stretch the neck unnaturally.\", \"feedback\": \"\"}, {\"option\": \"Text Neck: This term describes the neck pain and damage from looking down at your phone, tablet, or other devices for a long time.\", \"feedback\": \"\"}, {\"option\": \"Both statements are true.\", \"feedback\": \"\"}, {\"option\": \"\", \"feedback\": \"\"}]','2024-09-23 06:43:02','Both statements are true.','multiple_choice',NULL,13,1),(46,'<p><strong style=\"font-weight:normal;\" id=\"docs-internal-guid-d086d148-7fff-2796-7397-de446b3c396f\"><p dir=\"ltr\" style=\"line-height:1.38;margin-top:12pt;margin-bottom:12pt;\"><span style=\"font-size:11pt;font-family:Arial,sans-serif;color:#000000;background-color:transparent;font-weight:700;font-style:normal;font-variant:normal;text-decoration:none;vertical-align:baseline;white-space:pre;white-space:pre-wrap;\"><span style=\"border:none;display:inline-block;overflow:hidden;width:602px;height:477px;\"><img src=\"https://lh7-rt.googleusercontent.com/docsz/AD_4nXeO-nhqeVBRfzzvwNM0GP9Asn7Y326m8UDGob7e3WE49w8BdvXH3iXq9we0pO9-5C0XhL2Xzkdoa0xYw6gyFMU82u3CiiSESKfe6YKbmU_W8xXCZzaVVYu3oHuEpu7dUnJA1cjmKjRGLGvI3yRX6Qk_ieH-?key=0M8vRj0vZ5XCvi3mJzuAAg\" width=\"602\" height=\"477\" style=\"margin-left:0px;margin-top:0px;\"></span></span></p><p dir=\"ltr\" style=\"line-height:1.38;margin-top:12pt;margin-bottom:12pt;\"><span style=\"font-size:12pt;font-family:Arial,sans-serif;color:#0d0d0d;background-color:#ffffff;font-weight:700;font-style:normal;font-variant:normal;text-decoration:none;vertical-align:baseline;white-space:pre;white-space:pre-wrap;\">Anterior pelvic tilt refers to a posture where the pelvis is rotated forward, causing the front of the pelvis to drop and the back to rise.</span></p></strong><br></p>','[{\"option\": \"True\", \"feedback\": \"\"}, {\"option\": \"False\", \"feedback\": \"\"}, {\"option\": \"\", \"feedback\": \"\"}, {\"option\": \"\", \"feedback\": \"\"}]','2024-09-23 06:44:21','True','multiple_choice',NULL,13,1),(47,'<p><strong style=\"font-weight:normal;\" id=\"docs-internal-guid-7467e951-7fff-7cb4-c638-c790ff83163b\"><p dir=\"ltr\" style=\"line-height:1.38;margin-top:12pt;margin-bottom:12pt;\"><span style=\"font-size:12pt;font-family:Arial,sans-serif;color:#0d0d0d;background-color:#ffffff;font-weight:700;font-style:normal;font-variant:normal;text-decoration:none;vertical-align:baseline;white-space:pre;white-space:pre-wrap;\">Carrying heavy bags, particularly when the weight is distributed unevenly on one side, can misalign your posture and place significant stress on your spine. This can lead to various forms of back pain.</span></p><p dir=\"ltr\" style=\"line-height:1.38;margin-top:12pt;margin-bottom:12pt;\"><span style=\"font-size:12pt;font-family:Arial,sans-serif;color:#0d0d0d;background-color:#ffffff;font-weight:700;font-style:normal;font-variant:normal;text-decoration:none;vertical-align:baseline;white-space:pre;white-space:pre-wrap;\"><span style=\"border:none;display:inline-block;overflow:hidden;width:602px;height:401px;\"><img src=\"https://lh7-rt.googleusercontent.com/docsz/AD_4nXdnu9ZOhoPlVkoo2d6xfOFrSapDwPvZi7C19lLIpvz9LhQFA-JOPaf87f0LnbZ48f9Tg1sA0Sh4MBR_yI_HxAYhXhyeMOgFXeYgym4JkDqPdBqa8Q0U_SmnBFrMHoWZxdPhyVMCmcqGsJWdJTyP-tuL2sE0?key=0M8vRj0vZ5XCvi3mJzuAAg\" width=\"602\" height=\"401\" style=\"margin-left:0px;margin-top:0px;\"></span></span></p></strong><br></p>','[{\"option\": \"True\", \"feedback\": \"\"}, {\"option\": \"False\", \"feedback\": \"\"}, {\"option\": \"It\'s Complicated\", \"feedback\": \"\"}, {\"option\": \"\", \"feedback\": \"\"}]','2024-09-23 06:46:02','True','multiple_choice',NULL,13,1),(48,'<p><strong style=\"font-weight:normal;\" id=\"docs-internal-guid-db4a7611-7fff-07cb-4c1f-31db1337c629\"><p dir=\"ltr\" style=\"line-height:1.38;margin-top:12pt;margin-bottom:12pt;\"><span style=\"font-size:12pt;font-family:Arial,sans-serif;color:#0d0d0d;background-color:#ffffff;font-weight:700;font-style:normal;font-variant:normal;text-decoration:none;vertical-align:baseline;white-space:pre;white-space:pre-wrap;\"><span style=\"border:none;display:inline-block;overflow:hidden;width:602px;height:391px;\"><img src=\"https://lh7-rt.googleusercontent.com/docsz/AD_4nXfginv4i2_qhbT_Zmgv6k0A4V6FyFPJwn3UR3figwn26hU6BPL_8HER5tC5unnVBZUcXYedBf0overeM3t7UWE0TcI_YleO1MUR7_qUhH6ZzYcv0ZCQJ0_AQlXTE6mbbWndLmO3V7Zqo155D2qfHWDgY0k?key=0M8vRj0vZ5XCvi3mJzuAAg\" width=\"602\" height=\"391\" style=\"margin-left:0px;margin-top:0px;\"></span></span></p><p dir=\"ltr\" style=\"line-height:1.38;margin-top:12pt;margin-bottom:12pt;\"><span style=\"font-size:12pt;font-family:Arial,sans-serif;color:#0d0d0d;background-color:#ffffff;font-weight:700;font-style:normal;font-variant:normal;text-decoration:none;vertical-align:baseline;white-space:pre;white-space:pre-wrap;\">How does sitting cause pain?</span></p></strong><br></p>','[{\"option\": \"Poor posture\", \"feedback\": \"\"}, {\"option\": \"Reduced blood circulation\", \"feedback\": \"\"}, {\"option\": \"Muscle degeneration\", \"feedback\": \"\"}, {\"option\": \" Increased pressure on spinal discs\", \"feedback\": \"\"}, {\"option\": \"All of the above\", \"feedback\": \"\"}]','2024-09-23 06:51:36','All of the above','multiple_choice',NULL,13,1),(49,'<p><strong style=\"font-weight:normal;\" id=\"docs-internal-guid-4f71fbf1-7fff-fba9-e2d2-dc81b32d8cb4\"><p dir=\"ltr\" style=\"line-height:1.38;margin-top:12pt;margin-bottom:12pt;\"><span style=\"font-size:12pt;font-family:Arial,sans-serif;color:#0d0d0d;background-color:#ffffff;font-weight:700;font-style:normal;font-variant:normal;text-decoration:none;vertical-align:baseline;white-space:pre;white-space:pre-wrap;\"><span style=\"border:none;display:inline-block;overflow:hidden;width:602px;height:408px;\"><img src=\"https://lh7-rt.googleusercontent.com/docsz/AD_4nXfSrKnud2hC15ILMmi2zipRXxk1CL_oalrRQg3eca2-YekZKh0SgWaHOMoMRbZzNVFNO08J5OJlVWwNKM270nSDZ8NWPhS8IPk157goA40rYmusR6wOnZwFa_ObwspIIV_G-G6Qmgkaw6ZuP2VSdPtvUK5b?key=0M8vRj0vZ5XCvi3mJzuAAg\" width=\"602\" height=\"408\" style=\"margin-left:0px;margin-top:0px;\"></span></span></p><p dir=\"ltr\" style=\"line-height:1.38;margin-top:12pt;margin-bottom:12pt;\"><span style=\"font-size:12pt;font-family:Arial,sans-serif;color:#0d0d0d;background-color:#ffffff;font-weight:700;font-style:normal;font-variant:normal;text-decoration:none;vertical-align:baseline;white-space:pre;white-space:pre-wrap;\">Improper work ergonomics can lead to which of the following of pains and discomforts.</span></p></strong><br></p>','[{\"option\": \"Repetitive Strain Injuries (RSIs)\", \"feedback\": \"\"}, {\"option\": \" Poor Posture \", \"feedback\": \"\"}, {\"option\": \"Back Pain \", \"feedback\": \"\"}, {\"option\": \"Neck and Shoulder Pain\", \"feedback\": \"\"}, {\"option\": \"All of the above\", \"feedback\": \"\"}]','2024-09-23 06:53:33','All of the above','multiple_choice',NULL,13,1),(50,'<p><strong style=\"font-weight:normal;\" id=\"docs-internal-guid-c8f435b4-7fff-2554-2f00-d4f8309c8473\"><p dir=\"ltr\" style=\"line-height:1.38;margin-top:12pt;margin-bottom:12pt;\"><span style=\"font-size:12pt;font-family:Arial,sans-serif;color:#0d0d0d;background-color:#ffffff;font-weight:700;font-style:normal;font-variant:normal;text-decoration:none;vertical-align:baseline;white-space:pre;white-space:pre-wrap;\">The movement described—tucking and untucking the pelvis—is a fundamental exercise for understanding and improving body posture. It involves pelvic tilts, which can enhance the flexibility and strength of the lower back and abdominal muscles. The exercise contrasts two positions: an efficient position associated with proper posture (pelvic tilt backward) and an inefficient position linked to poor posture (pelvic tilt forward).</span></p><p dir=\"ltr\" style=\"line-height:1.38;margin-top:12pt;margin-bottom:12pt;\"><span style=\"font-size:12pt;font-family:Arial,sans-serif;color:#0d0d0d;background-color:#ffffff;font-weight:700;font-style:normal;font-variant:normal;text-decoration:none;vertical-align:baseline;white-space:pre;white-space:pre-wrap;\"><span style=\"border:none;display:inline-block;overflow:hidden;width:542px;height:725px;\"><img src=\"https://lh7-rt.googleusercontent.com/docsz/AD_4nXeTBbn0bQh31CkMz5xSO8KiA4M4AbiyJ6tAsszbzCwSGnxguYBCOtoP_9QqRoYxF9AwpUUtg8we-G6zyawuWIetH72J8O9aDUNg1eUEsk8CfcPmSYZKR5iFLq908mKw5DFlkiuEW4y-nWNii-eqD1eMQmgz?key=0M8vRj0vZ5XCvi3mJzuAAg\" width=\"542\" height=\"725\" style=\"margin-left:0px;margin-top:0px;\"></span></span></p></strong><br></p>','[{\"option\": \"True\", \"feedback\": \"\"}, {\"option\": \"False\", \"feedback\": \"\"}, {\"option\": \"\", \"feedback\": \"\"}, {\"option\": \"\", \"feedback\": \"\"}]','2024-09-23 06:56:39','True','multiple_choice',NULL,14,1),(51,'<p><strong style=\"font-weight:normal;\" id=\"docs-internal-guid-bac9eb34-7fff-b029-7d1f-d978bc345d74\"><p dir=\"ltr\" style=\"line-height:1.38;margin-top:12pt;margin-bottom:12pt;\"><span style=\"font-size:12pt;font-family:Arial,sans-serif;color:#0d0d0d;background-color:#ffffff;font-weight:700;font-style:normal;font-variant:normal;text-decoration:none;vertical-align:baseline;white-space:pre;white-space:pre-wrap;\"><span style=\"border:none;display:inline-block;overflow:hidden;width:542px;height:725px;\"><img src=\"https://lh7-rt.googleusercontent.com/docsz/AD_4nXeTBbn0bQh31CkMz5xSO8KiA4M4AbiyJ6tAsszbzCwSGnxguYBCOtoP_9QqRoYxF9AwpUUtg8we-G6zyawuWIetH72J8O9aDUNg1eUEsk8CfcPmSYZKR5iFLq908mKw5DFlkiuEW4y-nWNii-eqD1eMQmgz?key=0M8vRj0vZ5XCvi3mJzuAAg\" width=\"542\" height=\"725\" style=\"margin-left:0px;margin-top:0px;\"></span></span></p><p dir=\"ltr\" style=\"line-height:1.38;margin-top:12pt;margin-bottom:12pt;\"><span style=\"font-size:12pt;font-family:Arial,sans-serif;color:#0d0d0d;background-color:#ffffff;font-weight:700;font-style:normal;font-variant:normal;text-decoration:none;vertical-align:baseline;white-space:pre;white-space:pre-wrap;\">&nbsp;The imagery of \"a string pulling you up from the top of your head\" is a classic visualization technique used in posture training and various forms of movement practice like Pilates, yoga, and even martial arts. This metaphor helps individuals to achieve better alignment and balance by promoting a sense of elongation and lift throughout the spine and body.</span></p></strong><br></p>','[{\"option\": \"True\", \"feedback\": \"\"}, {\"option\": \"False\", \"feedback\": \"\"}, {\"option\": \"\", \"feedback\": \"\"}, {\"option\": \"\", \"feedback\": \"\"}]','2024-09-23 06:58:44','True','multiple_choice',NULL,14,1),(52,'<p><br></p><p dir=\"ltr\" style=\"line-height:1.38;margin-top:12pt;margin-bottom:12pt;\"><strong style=\"font-weight:normal;\" id=\"docs-internal-guid-adfabf8d-7fff-314a-f5a7-1d5b59125b14\"><span style=\"font-size:12pt;font-family:Arial,sans-serif;color:#0d0d0d;background-color:#ffffff;font-weight:700;font-style:normal;font-variant:normal;text-decoration:none;vertical-align:baseline;white-space:pre;white-space:pre-wrap;\"><span style=\"border:none;display:inline-block;overflow:hidden;width:547px;height:255px;\"><img src=\"https://lh7-rt.googleusercontent.com/docsz/AD_4nXdiMFQlgiWyBRI8hOgwqCRnM-6gf5aKkJ5OdpAnuLQBjuv0c_Pq6rz-1AmIMsiIPbHm6IWZWsCiwEZp9TxOQjtlniIn9wlcaaK95fWg7wVE4sUlteV-LPhYMemKtSWoU_mYUqDJMNeyHqjuP8LGhFQEPeIF?key=0M8vRj0vZ5XCvi3mJzuAAg\" width=\"547\" height=\"255\" style=\"margin-left:0px;margin-top:0px;\"></span></span></strong></p><p dir=\"ltr\" style=\"line-height:1.38;margin-top:12pt;margin-bottom:12pt;\"><strong style=\"font-weight:normal;\" id=\"docs-internal-guid-adfabf8d-7fff-314a-f5a7-1d5b59125b14\"><span style=\"font-size:12pt;font-family:Arial,sans-serif;color:#0d0d0d;background-color:#ffffff;font-weight:700;font-style:normal;font-variant:normal;text-decoration:none;vertical-align:baseline;white-space:pre;white-space:pre-wrap;\">\"Tucking your chin\" is a simple yet effective postural exercise that involves drawing your chin slightly towards your neck. This movement is primarily aimed at correcting head and neck alignment, which can be adversely affected by poor postures such as forward head posture—a common issue in today\'s digital age where many people spend hours hunched over computers or smartphones.</span></strong></p><br>','[{\"option\": \"True\", \"feedback\": \"\"}, {\"option\": \"False\", \"feedback\": \"\"}, {\"option\": \"\", \"feedback\": \"\"}, {\"option\": \"\", \"feedback\": \"\"}]','2024-09-23 07:00:54','True','multiple_choice',NULL,14,1),(53,'<p><strong style=\"font-weight:normal;\" id=\"docs-internal-guid-234c6d15-7fff-a853-24b1-13e1c0719763\"><p dir=\"ltr\" style=\"line-height:1.38;margin-top:12pt;margin-bottom:12pt;\"><span style=\"font-size:12pt;font-family:Arial,sans-serif;color:#0d0d0d;background-color:#ffffff;font-weight:700;font-style:normal;font-variant:normal;text-decoration:none;vertical-align:baseline;white-space:pre;white-space:pre-wrap;\"><span style=\"border:none;display:inline-block;overflow:hidden;width:589px;height:726px;\"><img src=\"https://lh7-rt.googleusercontent.com/docsz/AD_4nXcRU0jRPVmjIDQ2dgHTjGt9_jbAb1PCO3H7XCziY1tlp1LBCAKdsSASkiHeJSDXV_oHU9rpR1UhOIAz5uomUGZ4CtqYSq1JO5dX2Xzyce98sE8EAHxTr4QKb_8yS5J3R8g8UXth_JO9MqWufZXB9othDzaR?key=0M8vRj0vZ5XCvi3mJzuAAg\" width=\"589\" height=\"726\" style=\"margin-left:0px;margin-top:0px;\"></span></span></p><p dir=\"ltr\" style=\"line-height:1.38;margin-top:12pt;margin-bottom:12pt;\"><span style=\"font-size:12pt;font-family:Arial,sans-serif;color:#0d0d0d;background-color:#ffffff;font-weight:700;font-style:normal;font-variant:normal;text-decoration:none;vertical-align:baseline;white-space:pre;white-space:pre-wrap;\">The movement described— opening your chest is a posture-enhancing movement that focuses on expanding the front of your body while engaging and strengthening the muscles in your upper back and shoulders —is another fundamental exercise for understanding and improving body posture. This action is particularly important in counteracting the common problem of rounded shoulders and a forward-slumping posture, which often results from prolonged sitting or poor ergonomic practices.</span></p></strong><br></p>','[{\"option\": \"True\", \"feedback\": \"\"}, {\"option\": \"False\", \"feedback\": \"\"}, {\"option\": \"\", \"feedback\": \"\"}, {\"option\": \"\", \"feedback\": \"\"}]','2024-09-23 07:02:24','True','multiple_choice',NULL,14,1),(54,'<p><strong style=\"font-weight:normal;\" id=\"docs-internal-guid-6e6c6145-7fff-593e-b606-7a74f7fd0028\"><p dir=\"ltr\" style=\"line-height:1.38;margin-top:12pt;margin-bottom:12pt;\"><span style=\"font-size:12pt;font-family:Arial,sans-serif;color:#0d0d0d;background-color:#ffffff;font-weight:700;font-style:normal;font-variant:normal;text-decoration:none;vertical-align:baseline;white-space:pre;white-space:pre-wrap;\"><span style=\"border:none;display:inline-block;overflow:hidden;width:552px;height:395px;\"><img src=\"https://lh7-rt.googleusercontent.com/docsz/AD_4nXchhvUEkG5ofua7DP40bllvdmgAscAupHeAJENBUw0HBvytF3B7oLVp6OMMQYTz5vS0E5de_G49B_ZIcGAgQVopqB1vONbfz2PO63RQIyftOSc6MkmzoGYMWO6vzfmEBDZgE7sA4t-OmgfK69tYF45S6GH7?key=0M8vRj0vZ5XCvi3mJzuAAg\" width=\"552\" height=\"395\" style=\"margin-left:0px;margin-top:0px;\"></span></span></p><p dir=\"ltr\" style=\"line-height:1.38;margin-top:12pt;margin-bottom:12pt;\"><span style=\"font-size:12pt;font-family:Arial,sans-serif;color:#0d0d0d;background-color:#ffffff;font-weight:700;font-style:normal;font-variant:normal;text-decoration:none;vertical-align:baseline;white-space:pre;white-space:pre-wrap;\">Standing with your feet shoulder-width apart establishes a stable foundation on the ground and enables you to utilize ground reaction force (GRF). This force is well-known among elite athletes for enhancing power in sports.</span></p></strong><br></p>','[{\"option\": \"True\", \"feedback\": \"\"}, {\"option\": \"False\", \"feedback\": \"\"}, {\"option\": \"\", \"feedback\": \"\"}, {\"option\": \"\", \"feedback\": \"\"}]','2024-09-23 07:04:20','True','multiple_choice',NULL,14,1),(55,'<p><strong style=\"font-weight:normal;\" id=\"docs-internal-guid-21efec87-7fff-dfa7-6d2e-441fd0f1a464\"><p dir=\"ltr\" style=\"line-height:1.38;margin-top:12pt;margin-bottom:12pt;\"><span style=\"font-size:12pt;font-family:Arial,sans-serif;color:#0d0d0d;background-color:#ffffff;font-weight:700;font-style:normal;font-variant:normal;text-decoration:none;vertical-align:baseline;white-space:pre;white-space:pre-wrap;\"><span style=\"border:none;display:inline-block;overflow:hidden;width:602px;height:452px;\"><img src=\"https://lh7-rt.googleusercontent.com/docsz/AD_4nXcCUVNCLuMfpMWH1PH3qoortYTeqjpRqqIuCPQGtilguHgBlcsvMcfoHVNDdTsIZtR4HQcWijrhExZehtP0EBFDPa_C3uhIlEzJIDXxHbET80pg_s8390svD753Xh619qXaXiuiVJNwKpnjMxAe1JcJ6jI_?key=0M8vRj0vZ5XCvi3mJzuAAg\" width=\"602\" height=\"452\" style=\"margin-left:0px;margin-top:0px;\"></span></span></p><p dir=\"ltr\" style=\"line-height:1.38;margin-top:12pt;margin-bottom:12pt;\"><span style=\"font-size:12pt;font-family:Arial,sans-serif;color:#0d0d0d;background-color:#ffffff;font-weight:700;font-style:normal;font-variant:normal;text-decoration:none;vertical-align:baseline;white-space:pre;white-space:pre-wrap;\">Bruce Lee\'s one-inch punch is a renowned demonstration of martial arts technique and an illustration of biomechanical efficiency. This technique exemplifies how the right understanding and use of the body\'s mechanics can produce a remarkably powerful result from minimal starting motion. Bruce Lee’s approach to the one-inch punch was not merely about physical strength but about mastering the GRF and coordinated use of various body parts to optimize power delivery.</span></p></strong><br></p>','[{\"option\": \"True\", \"feedback\": \"\"}, {\"option\": \"False\", \"feedback\": \"\"}, {\"option\": \"\", \"feedback\": \"\"}, {\"option\": \"\", \"feedback\": \"\"}]','2024-09-23 07:06:29','True','multiple_choice',NULL,14,1),(56,'<p><strong style=\"font-weight:normal;\" id=\"docs-internal-guid-6dea44bc-7fff-c4ce-2c15-45cd9072613e\"><p dir=\"ltr\" style=\"line-height:1.38;margin-top:12pt;margin-bottom:12pt;\"><span style=\"font-size:12pt;font-family:Arial,sans-serif;color:#0d0d0d;background-color:#ffffff;font-weight:700;font-style:normal;font-variant:normal;text-decoration:none;vertical-align:baseline;white-space:pre;white-space:pre-wrap;\"><span style=\"border:none;display:inline-block;overflow:hidden;width:532px;height:746px;\"><img src=\"https://lh7-rt.googleusercontent.com/docsz/AD_4nXc9R8qVIgiKvMGtIBQJdMs-ukCwzuRVGGUz-YE1DO677N4WymX1KHz0gvpqhz2l0TIXihkvr0PGNz0_7WZA2o2HVl7aqo0oY_1ZyxmEZoqwLuVBapEI7-3cWUO48a-zKHBy7qnlU7I495Asyjtf1EpH0T8a?key=0M8vRj0vZ5XCvi3mJzuAAg\" width=\"532\" height=\"746\" style=\"margin-left:0px;margin-top:0px;\"></span></span></p><p dir=\"ltr\" style=\"line-height:1.38;margin-top:12pt;margin-bottom:12pt;\"><span style=\"font-size:12pt;font-family:Arial,sans-serif;color:#0d0d0d;background-color:#ffffff;font-weight:700;font-style:normal;font-variant:normal;text-decoration:none;vertical-align:baseline;white-space:pre;white-space:pre-wrap;\">In \"The TB12 Method: How to Achieve a Lifetime of Sustained Peak Performance,\" Tom Brady discusses various techniques and principles that contribute to his football prowess and overall athleticism. One of the concepts he explores is the use of Ground Reaction Force (GRF) during play.</span></p></strong><br></p>','[{\"option\": \"True\", \"feedback\": \"\"}, {\"option\": \"False\", \"feedback\": \"\"}, {\"option\": \"\", \"feedback\": \"\"}, {\"option\": \"\", \"feedback\": \"\"}]','2024-09-23 07:08:10','True','multiple_choice',NULL,14,1),(57,'<p><strong style=\"font-weight:normal;\" id=\"docs-internal-guid-ef18d59a-7fff-d38e-a5f3-6eeb7c87b159\"><p dir=\"ltr\" style=\"line-height:1.38;margin-top:12pt;margin-bottom:12pt;\"><span style=\"font-size:12pt;font-family:Arial,sans-serif;color:#0d0d0d;background-color:#ffffff;font-weight:700;font-style:normal;font-variant:normal;text-decoration:none;vertical-align:baseline;white-space:pre;white-space:pre-wrap;\"><span style=\"border:none;display:inline-block;overflow:hidden;width:547px;height:687px;\"><img src=\"https://lh7-rt.googleusercontent.com/docsz/AD_4nXfNfzVNiSCQhQiWw9PSxIA6Pw9IH8R7Cy5pYFI-RdPzJrD2nqajkuAZiM2S658v4CjP1TDRkpdYmcRl8ow8AsSAGLEtNe8yKLHdmiVtmNQ76OSk3flWJdlYgq4_fOvxiPWeV9n0E9DdXrU-ZJYZNSUYzbs?key=0M8vRj0vZ5XCvi3mJzuAAg\" width=\"547\" height=\"687\" style=\"margin-left:0px;margin-top:0px;\"></span></span></p><p dir=\"ltr\" style=\"line-height:1.38;margin-top:12pt;margin-bottom:12pt;\"><span style=\"font-size:12pt;font-family:Arial,sans-serif;color:#0d0d0d;background-color:#ffffff;font-weight:700;font-style:normal;font-variant:normal;text-decoration:none;vertical-align:baseline;white-space:pre;white-space:pre-wrap;\">Bending your knees and then straightening them, commonly referred to as knee bends or squats, is a fundamental exercise that targets multiple muscle groups throughout the lower body and core. This simple motion is not only essential for everyday movements like sitting, standing, and walking but also beneficial for strengthening and stabilizing various muscle groups.</span></p></strong><br></p>','[{\"option\": \"True \", \"feedback\": \"\"}, {\"option\": \"False\", \"feedback\": \"\"}, {\"option\": \"\", \"feedback\": \"\"}, {\"option\": \"\", \"feedback\": \"\"}]','2024-09-23 07:18:01','True ','multiple_choice',NULL,14,1),(58,'<p><strong style=\"font-weight:normal;\" id=\"docs-internal-guid-f391187c-7fff-bfef-ccae-78d149860acc\"><p dir=\"ltr\" style=\"line-height:1.38;margin-top:12pt;margin-bottom:12pt;\"><span style=\"font-size:12pt;font-family:Arial,sans-serif;color:#0d0d0d;background-color:#ffffff;font-weight:700;font-style:normal;font-variant:normal;text-decoration:none;vertical-align:baseline;white-space:pre;white-space:pre-wrap;\">Aspen\'s esteemed supercoach, Ned Ryerson, shares insightful perspectives on optimizing posture, with a particular emphasis on facial alignment. He states, \"Take care to align your eyes, and to align your mouth on the horizontal plane, while your nose allows shifting in the vertical plane.\" This nuanced advice highlights the importance of maintaining a balanced facial orientation, suggesting that the eyes and mouth should be aligned on a horizontal axis to foster symmetry and enhance visual and communicative effectiveness. By keeping these features level, one promotes a sense of steadiness and poise, which can be vital during activities such as skiing and when maintaining focus.</span></p><p dir=\"ltr\" style=\"line-height:1.38;margin-top:12pt;margin-bottom:12pt;\"><span style=\"font-size:12pt;font-family:Arial,sans-serif;color:#0d0d0d;background-color:#ffffff;font-weight:700;font-style:normal;font-variant:normal;text-decoration:none;vertical-align:baseline;white-space:pre;white-space:pre-wrap;\"><span style=\"border:none;display:inline-block;overflow:hidden;width:566px;height:277px;\"><img src=\"https://lh7-rt.googleusercontent.com/docsz/AD_4nXdC3DDJMKmgkJAkbdi8iuOijjpiJk0heXxhnXPDlFQjFNruud6UQy7B9H4fGXOk6PcBUsZ8oUbyLU5-Py_VHbJ0K4n97w9q8NNpQHjG6ShUCb_MWSnAHhJHbnU7kGFUQ7MTCrkXT0xmD8kPsd6sMWdE8_4K?key=0M8vRj0vZ5XCvi3mJzuAAg\" width=\"566\" height=\"277\" style=\"margin-left:0px;margin-top:0px;\"></span></span></p></strong><br></p>','[{\"option\": \"True\", \"feedback\": \"\"}, {\"option\": \"False\", \"feedback\": \"\"}, {\"option\": \"\", \"feedback\": \"\"}, {\"option\": \"\", \"feedback\": \"\"}]','2024-09-23 07:20:48','True','multiple_choice',NULL,15,1),(59,'<p><strong style=\"font-weight:normal;\" id=\"docs-internal-guid-586b7ff0-7fff-118c-ebdc-83f34433a7cf\"><p dir=\"ltr\" style=\"line-height:1.38;margin-top:12pt;margin-bottom:12pt;\"><span style=\"font-size:12pt;font-family:Arial,sans-serif;color:#0d0d0d;background-color:#ffffff;font-weight:700;font-style:normal;font-variant:normal;text-decoration:none;vertical-align:baseline;white-space:pre;white-space:pre-wrap;\">Consider the biomechanical and neurological mechanisms underlying the directional control in skiing. When a skier fixes their gaze straight ahead, their body tends to move in that direction. Similarly, when the skier shifts their gaze to the left, the body follows by turning left, and when looking right, the body turns right.</span></p><p dir=\"ltr\" style=\"line-height:1.38;margin-top:12pt;margin-bottom:12pt;\"><span style=\"font-size:12pt;font-family:Arial,sans-serif;color:#0d0d0d;background-color:#ffffff;font-weight:700;font-style:normal;font-variant:normal;text-decoration:none;vertical-align:baseline;white-space:pre;white-space:pre-wrap;\"><span style=\"border:none;display:inline-block;overflow:hidden;width:602px;height:308px;\"><img src=\"https://lh7-rt.googleusercontent.com/docsz/AD_4nXfW1rWy8vk9KK4xwgrvpBB-XrWb3ez7d8WFJ9VPSbJlFME0ST57efBU4oqwFnrcNqj4trVWgqHnY_70FsJP8UBs3Pm9pCzVMawGl40R7ADivdm7asm-xXVX6TyO9Zx_hR8ufhqYyCjTh3Hr1EiEESc7iR_O?key=0M8vRj0vZ5XCvi3mJzuAAg\" width=\"602\" height=\"308\" style=\"margin-left:0px;margin-top:0px;\"></span></span></p></strong><br></p>','[{\"option\": \"True\", \"feedback\": \"\"}, {\"option\": \"False\", \"feedback\": \"\"}, {\"option\": \"\", \"feedback\": \"\"}, {\"option\": \"\", \"feedback\": \"\"}]','2024-09-23 07:23:06','True','multiple_choice',NULL,15,1),(60,'<p><strong style=\"font-weight:normal;\" id=\"docs-internal-guid-2b54398f-7fff-c09f-aaac-f50fcfd87c27\"><span style=\"font-size:12pt;font-family:Arial,sans-serif;color:#0d0d0d;background-color:#ffffff;font-weight:700;font-style:normal;font-variant:normal;text-decoration:none;vertical-align:baseline;white-space:pre;white-space:pre-wrap;\">Grandmaster James Ran elaborates on the nuanced practice of spine flexibility, emphasizing that \"the spine should be movable piece by piece, stretching each vertebra, always paying attention to the center point.\" He advocates for a mindful approach to spinal movements, where one should consciously engage each segment of the spine individually. This technique not only enhances the range of motion but also fosters a deep connection between mind and body, ensuring that each movement is executed with precision and awareness. According to Ran, the focus on the spine\'s center point is crucial as it serves as the axis around which all spinal motions should be coordinated, promoting balance and alignment throughout the body.</span></strong></p><p><strong style=\"font-weight:normal;\" id=\"docs-internal-guid-2dbb734f-7fff-0ebc-869e-6563dc82a795\"><span style=\"font-size:12pt;font-family:Arial,sans-serif;color:#0d0d0d;background-color:#ffffff;font-weight:700;font-style:normal;font-variant:normal;text-decoration:none;vertical-align:baseline;white-space:pre;white-space:pre-wrap;\"><span style=\"border:none;display:inline-block;overflow:hidden;width:602px;height:852px;\"><img src=\"https://lh7-rt.googleusercontent.com/docsz/AD_4nXe-4XUcqtJRM6x4AhV7ylTZQeLn4nbQchEvVZA6_ai_y02fmEMjfygj8DCB1fwq1Y1LChJY-0RwEGDr_axiT8Bmot6V8whoo7zsReI2I2k3GmU8peBXVvo9UkUB9cQCqLFqPPplqsW4Fo8Ypjy1PDFk9jOU?key=0M8vRj0vZ5XCvi3mJzuAAg\" width=\"602\" height=\"852\" style=\"margin-left:0px;margin-top:0px;\"></span></span></strong></p>','[{\"option\": \"True\", \"feedback\": \"\"}, {\"option\": \"False\", \"feedback\": \"\"}, {\"option\": \"\", \"feedback\": \"\"}, {\"option\": \"\", \"feedback\": \"\"}]','2024-09-23 07:25:45','True','multiple_choice',NULL,15,1),(61,'<p><strong style=\"font-weight:normal;\" id=\"docs-internal-guid-7fc5b489-7fff-a694-1ba1-7a832822f8e7\"><p dir=\"ltr\" style=\"line-height:1.38;margin-top:12pt;margin-bottom:12pt;\"><span style=\"font-size:12pt;font-family:Arial,sans-serif;color:#0d0d0d;background-color:#ffffff;font-weight:700;font-style:normal;font-variant:normal;text-decoration:none;vertical-align:baseline;white-space:pre;white-space:pre-wrap;\">Spiritual master Sri Sri Ravi Shankar delves deeper into the intricate relationship between physical posture and spiritual practice, emphasizing, “Take care to align your head, and to align your body, keeping them in balance. Be extremely careful where you fix your eyes, especially as you fix your eyes for meditation.” His guidance stresses the importance of achieving a harmonious alignment between the head and the body as a foundation for meditation and spiritual activities. By encouraging balance, he highlights how physical stability can mirror and support mental and spiritual equanimity.</span></p><p dir=\"ltr\" style=\"line-height:1.38;margin-top:12pt;margin-bottom:12pt;\"><span style=\"font-size:12pt;font-family:Arial,sans-serif;color:#0d0d0d;background-color:#ffffff;font-weight:700;font-style:normal;font-variant:normal;text-decoration:none;vertical-align:baseline;white-space:pre;white-space:pre-wrap;\"><span style=\"border:none;display:inline-block;overflow:hidden;width:422px;height:450px;\"><img src=\"https://lh7-rt.googleusercontent.com/docsz/AD_4nXdBcM2lGAr6Vkp8Uzreu7UBSGICk3_Pm36MpjYRbIjff6wacJLTAN9uhef2yDrhAEn0bMFsccdJiXK09E19MjBjRFgSPH27qGfQSelAoV7BPx9FlUn7TiYvEOrrWrCCyAIcePpza61gGYE9mVXADTPdVVHN?key=0M8vRj0vZ5XCvi3mJzuAAg\" width=\"422\" height=\"450\" style=\"margin-left:0px;margin-top:0px;\"></span></span></p></strong><br></p>','[{\"option\": \"True\", \"feedback\": \"\"}, {\"option\": \"False\", \"feedback\": \"\"}, {\"option\": \"\", \"feedback\": \"\"}, {\"option\": \"\", \"feedback\": \"\"}]','2024-09-23 07:27:46','True','multiple_choice',NULL,15,1),(62,'<p><strong style=\"font-weight:normal;\" id=\"docs-internal-guid-ce2d7bce-7fff-0773-ffef-17e6e43c5620\"><p dir=\"ltr\" style=\"line-height:1.38;margin-top:12pt;margin-bottom:12pt;\"><span style=\"font-size:12pt;font-family:Arial,sans-serif;color:#0d0d0d;background-color:#ffffff;font-weight:700;font-style:normal;font-variant:normal;text-decoration:none;vertical-align:baseline;white-space:pre;white-space:pre-wrap;\">What techniques can nurses use to reduce back pain?</span></p><p dir=\"ltr\" style=\"line-height:1.38;margin-top:12pt;margin-bottom:12pt;\"><span style=\"font-size:12pt;font-family:Arial,sans-serif;color:#0d0d0d;background-color:#ffffff;font-weight:700;font-style:normal;font-variant:normal;text-decoration:none;vertical-align:baseline;white-space:pre;white-space:pre-wrap;\"><span style=\"border:none;display:inline-block;overflow:hidden;width:602px;height:409px;\"><img src=\"https://lh7-rt.googleusercontent.com/docsz/AD_4nXfwhi-XyVV7xE9w0Cz68ag1wA3ahkIcID5rCLQ_KPnC6Dc5vWWuQVVS56YPJO9BcIgEiFdZgxCWcmR9Z_P9EVAkoekQFGbb2rZVY1vF7VmDKVv4WJC_aX9ITArqy76itSvjj1fT5JOXg5USGLQckQgrSwMD?key=0M8vRj0vZ5XCvi3mJzuAAg\" width=\"602\" height=\"409\" style=\"margin-left:0px;margin-top:0px;\"></span></span></p></strong><br></p>','[{\"option\": \"Regular exercise\", \"feedback\": \"\"}, {\"option\": \"All of the above\", \"feedback\": \"\"}, {\"option\": \"Education and training\", \"feedback\": \"\"}, {\"option\": \"Proper lifting techniques\", \"feedback\": \"\"}, {\"option\": \"Proper posture\", \"feedback\": \"\"}, {\"option\": \"Use of assistive devices\", \"feedback\": \"\"}]','2024-09-23 07:31:34','All of the above','multiple_choice',NULL,16,1),(63,'<p><strong style=\"font-weight:normal;\" id=\"docs-internal-guid-16d578df-7fff-3c53-2699-ea788014dcbc\"><p dir=\"ltr\" style=\"line-height:1.38;margin-top:12pt;margin-bottom:12pt;\"><span style=\"font-size:12pt;font-family:Arial,sans-serif;color:#0d0d0d;background-color:#ffffff;font-weight:700;font-style:normal;font-variant:normal;text-decoration:none;vertical-align:baseline;white-space:pre;white-space:pre-wrap;\">Millions of young people are suffering from neck and back pain largely due to the excessive amount of time spent on smartphones and other devices. On average, individuals tilt their heads forward for two to four hours daily to read and text, which cumulatively adds up to 700 to 1,400 hours per year. This posture puts additional stress on the cervical spine. It is estimated that a high school student might even spend an additional 5,000 hours in this poor posture.</span></p><p dir=\"ltr\" style=\"line-height:1.38;margin-top:12pt;margin-bottom:12pt;\"><span style=\"font-size:12pt;font-family:Arial,sans-serif;color:#0d0d0d;background-color:#ffffff;font-weight:700;font-style:normal;font-variant:normal;text-decoration:none;vertical-align:baseline;white-space:pre;white-space:pre-wrap;\"><span style=\"border:none;display:inline-block;overflow:hidden;width:589px;height:461px;\"><img src=\"https://lh7-rt.googleusercontent.com/docsz/AD_4nXefuUfHZe-NFv_--TA7F7RIzdkCNIwK0qrqITKXp1V5pjkYCRaYKzFKOgFnOkvPpboxNLk2iDvflSW5L47PpHNfk-oHM2zGpEI9BAyHl6KbrxE1khNeyj2eR25JkVhDfcEVzZbUE7jmK_WUMhLkRhlMnmY7?key=0M8vRj0vZ5XCvi3mJzuAAg\" width=\"589\" height=\"461\" style=\"margin-left:0px;margin-top:0px;\"></span></span></p></strong><br></p>','[{\"option\": \"True\", \"feedback\": \"\"}, {\"option\": \"False\", \"feedback\": \"\"}, {\"option\": \"\", \"feedback\": \"\"}, {\"option\": \"\", \"feedback\": \"\"}]','2024-09-23 07:33:41','True','multiple_choice',NULL,16,1),(64,'<p><strong style=\"font-weight:normal;\" id=\"docs-internal-guid-051aeb27-7fff-e498-5a19-a6c3de306922\"><p dir=\"ltr\" style=\"line-height:1.38;margin-top:12pt;margin-bottom:12pt;\"><span style=\"font-size:12pt;font-family:Arial,sans-serif;color:#0d0d0d;background-color:#ffffff;font-weight:700;font-style:normal;font-variant:normal;text-decoration:none;vertical-align:baseline;white-space:pre;white-space:pre-wrap;\">How do surgeons protect their neck while operating?</span></p><p dir=\"ltr\" style=\"line-height:1.38;margin-top:12pt;margin-bottom:12pt;\"><span style=\"font-size:12pt;font-family:Arial,sans-serif;color:#0d0d0d;background-color:#ffffff;font-weight:700;font-style:normal;font-variant:normal;text-decoration:none;vertical-align:baseline;white-space:pre;white-space:pre-wrap;\"><span style=\"border:none;display:inline-block;overflow:hidden;width:574px;height:382px;\"><img src=\"https://lh7-rt.googleusercontent.com/docsz/AD_4nXdegE23X5DoWtpnF-g3yi_JyzoCLu-Vrz95dTXf2aIgyEF-p3l0DK3N-p1rHLij1l12Zvp2WIjVmwggfqG7YPNNT_cIffFyBU6xVc9Gzy_4J1Td9kN_DIMgK6VnuY43COzpt5z8X7f7umEx2_MC6z8BxuD2?key=0M8vRj0vZ5XCvi3mJzuAAg\" width=\"574\" height=\"382\" style=\"margin-left:0px;margin-top:0px;\"></span></span></p></strong><br></p>','[{\"option\": \"Loupes that rotate downwards\", \"feedback\": \"\"}, {\"option\": \"Take breaks and stretch\", \"feedback\": \"\"}, {\"option\": \"Use operative microscopes where we look straight and the scope looks down\", \"feedback\": \"\"}, {\"option\": \"Bend your knees while operating\", \"feedback\": \"\"}, {\"option\": \"Rotate the table towards the surgeon\", \"feedback\": \"\"}, {\"option\": \"All of the above\", \"feedback\": \"\"}]','2024-09-23 07:38:53','All of the above','multiple_choice',NULL,16,1),(65,'<p><strong style=\"font-weight:normal;\" id=\"docs-internal-guid-0e38a96b-7fff-48aa-66c4-ab6454da7284\"><p dir=\"ltr\" style=\"line-height:1.38;margin-top:12pt;margin-bottom:12pt;\"><span style=\"font-size:12pt;font-family:Arial,sans-serif;color:#0d0d0d;background-color:#ffffff;font-weight:700;font-style:normal;font-variant:normal;text-decoration:none;vertical-align:baseline;white-space:pre;white-space:pre-wrap;\">How does a pregnant woman protect herself from back pain?</span></p><p dir=\"ltr\" style=\"line-height:1.38;margin-top:12pt;margin-bottom:12pt;\"><span style=\"font-size:12pt;font-family:Arial,sans-serif;color:#0d0d0d;background-color:#ffffff;font-weight:700;font-style:normal;font-variant:normal;text-decoration:none;vertical-align:baseline;white-space:pre;white-space:pre-wrap;\"><span style=\"border:none;display:inline-block;overflow:hidden;width:494px;height:740px;\"><img src=\"https://lh7-rt.googleusercontent.com/docsz/AD_4nXdBHV5_zvtVAtWsEYrEJr87NynUXrO9p_ynsq8O6Rfo8Av1RMEho0At8236YRMZT7tY26RMv6bU5NaI8p70FHPiiSUooNIM2XHOCf3j8NucYLyhcwAC2gIqte_udI19b65JDDQD4R_9qZeYYNpBwVgRFng?key=0M8vRj0vZ5XCvi3mJzuAAg\" width=\"494\" height=\"740\" style=\"margin-left:0px;margin-top:0px;\"></span></span></p></strong><br class=\"Apple-interchange-newline\"><br></p>','[{\"option\": \"Gentle Walking: Gentle walking strengthens back muscles and enhances overall health. Additionally, aquatic exercises are especially beneficial as water supports the body and reduces the impact of gravity, making movements easier and pain-free.\", \"feedback\": \"\"}, {\"option\": \"Embrace Proper Sleeping Posture: Sleeping on the side is recommended to reduce pressure on the spine. Using pregnancy pillows can offer additional support, maintaining spinal alignment and reducing strain during sleep.\", \"feedback\": \"\"}, {\"option\": \"Practice Deep Belly Breathing Exercises: Deep breathing techniques are beneficial for maintaining spinal flexibility. They help move the spinal nerves and joints, which can alleviate back pain. These techniques are also used in childbirth preparation, such as in Lamaze classes.\", \"feedback\": \"\"}, {\"option\": \"Replace High Heels with Comfortable Shoes: High heels can exacerbate back pain due to the added pressure they place on the lower back as the center of gravity changes. Wearing supportive and comfortable shoes can help alleviate this strain.\", \"feedback\": \"\"}, {\"option\": \"Embrace Proper Standing Posture: It\'s important for pregnant women to maintain a good posture. As the belly grows and shifts their center of gravity, standing straight without leaning back or slouching helps minimize stress on the spine.\", \"feedback\": \"\"}]','2024-09-23 07:40:56','Gentle Walking: Gentle walking strengthens back muscles and enhances overall health. Additionally, aquatic exercises are especially beneficial as water supports the body and reduces the impact of gravity, making movements easier and pain-free.','multiple_choice',NULL,16,1),(66,'<p><strong style=\"font-weight:normal;\" id=\"docs-internal-guid-93a63f74-7fff-69c2-233f-6a7bfabc1c88\"><span style=\"font-size:12pt;font-family:Arial,sans-serif;color:#0d0d0d;background-color:#ffffff;font-weight:700;font-style:normal;font-variant:normal;text-decoration:none;vertical-align:baseline;white-space:pre;white-space:pre-wrap;\">What are the steps necessary to sit properly?</span><span style=\"font-size:12pt;font-family:Arial,sans-serif;color:#0d0d0d;background-color:#ffffff;font-weight:700;font-style:normal;font-variant:normal;text-decoration:none;vertical-align:baseline;white-space:pre;white-space:pre-wrap;\"><br></span><span style=\"font-size:12pt;font-family:Arial,sans-serif;color:#0d0d0d;background-color:#ffffff;font-weight:700;font-style:normal;font-variant:normal;text-decoration:none;vertical-align:baseline;white-space:pre;white-space:pre-wrap;\"><span style=\"border:none;display:inline-block;overflow:hidden;width:587px;height:397px;\"><img src=\"https://lh7-rt.googleusercontent.com/docsz/AD_4nXeahs0RCwGyGkk9qkw3TsFY_DOPOLcXq9df4g9jfaRMIlEBEmn5n1lgfImbdcKAKH0HvYWOCaa057yQ-bMUIYpMIxSVPd9pDEBc3UoUg4CW33JZw3cU4OSR8BWJzENHBOIby4XxEBxKYKA3vnk03WQ8yFva?key=0M8vRj0vZ5XCvi3mJzuAAg\" width=\"587\" height=\"397\" style=\"margin-left:0px;margin-top:0px;\"></span></span></strong></p>','[{\"option\": \"Monitor at a slightly down gaze level\", \"feedback\": \"\"}, {\"option\": \"Get up and move every 30 minutes.\", \"feedback\": \"\"}, {\"option\": \"Feet on the ground\", \"feedback\": \"\"}, {\"option\": \"All of the above\", \"feedback\": \"\"}, {\"option\": \"Neck properly supported\", \"feedback\": \"\"}, {\"option\": \"Forearms wrists, and legs parallel to the floor\", \"feedback\": \"\"}, {\"option\": \"Back properly supported with a space or an actual small pillow\", \"feedback\": \"\"}]','2024-09-23 07:43:40','All of the above','multiple_choice',NULL,16,1),(67,'<p><strong style=\"font-weight:normal;\" id=\"docs-internal-guid-9b850ba8-7fff-d22f-2ba7-524e74fa827d\"><p dir=\"ltr\" style=\"line-height:1.38;margin-top:12pt;margin-bottom:12pt;\"><span style=\"font-size:12pt;font-family:Arial,sans-serif;color:#0d0d0d;background-color:#ffffff;font-weight:700;font-style:normal;font-variant:normal;text-decoration:none;vertical-align:baseline;white-space:pre;white-space:pre-wrap;\">Women with large bosoms can sometimes experience back pain due to the additional weight they carry on the front of their bodies. Which of the following can lead to physical issues that contribute to discomfort and pain?</span></p><p dir=\"ltr\" style=\"line-height:1.38;margin-top:12pt;margin-bottom:12pt;\"><span style=\"font-size:12pt;font-family:Arial,sans-serif;color:#0d0d0d;background-color:#ffffff;font-weight:700;font-style:normal;font-variant:normal;text-decoration:none;vertical-align:baseline;white-space:pre;white-space:pre-wrap;\"><span style=\"border:none;display:inline-block;overflow:hidden;width:602px;height:401px;\"><img src=\"https://lh7-rt.googleusercontent.com/docsz/AD_4nXeH-Sj1ufp4lcyRgYTtAlyYsWgvjK8z9PKRuxIMT6AYZ50zD8ageKw4MvrVTL1HANEEFqT3dDrGO6bUAKtII0WntAKFIxyjeyl8QsdcMoejLOvjcVGzGmhwPCQIQDoT4aM7wmEcUuubCMPBkgjcIjFTlTk?key=0M8vRj0vZ5XCvi3mJzuAAg\" width=\"602\" height=\"401\" style=\"margin-left:0px;margin-top:0px;\"></span></span></p></strong><br></p>','[{\"option\": \"Muscle strain: The muscles in the back, particularly those in the upper and middle regions, can become strained from constantly working to support the chest.\", \"feedback\": \"\"}, {\"option\": \"Spine alignment: The spine may be forced into an unnatural alignment.\", \"feedback\": \"\"}, {\"option\": \"Breathing difficulties: In some cases, large breasts can also affect breathing by putting extra pressure on the chest and diaphragm.\", \"feedback\": \"\"}, {\"option\": \"Neck pain: The strain can also extend to the neck and shoulders.\", \"feedback\": \"\"}, {\"option\": \"Postural changes: The extra weight can pull the spine forward, causing an individual to adjust their posture to maintain balance.\", \"feedback\": \"\"}, {\"option\": \"All of the above\", \"feedback\": \"\"}]','2024-09-23 07:47:21','All of the above','multiple_choice',NULL,16,1),(68,'<p><strong style=\"font-weight:normal;\" id=\"docs-internal-guid-37ddfcda-7fff-22d9-6e9d-f93bd1b1d0d2\"><p dir=\"ltr\" style=\"line-height:1.38;margin-top:12pt;margin-bottom:12pt;\"><span style=\"font-size:12pt;font-family:Arial,sans-serif;color:#0d0d0d;background-color:#ffffff;font-weight:700;font-style:normal;font-variant:normal;text-decoration:none;vertical-align:baseline;white-space:pre;white-space:pre-wrap;\">Hoarding and posture. If one carries a hairbrush in a bag, how many hairbrushes of force does the spine see?</span></p><p dir=\"ltr\" style=\"line-height:1.38;margin-top:12pt;margin-bottom:12pt;\"><span style=\"font-size:12pt;font-family:Arial,sans-serif;color:#0d0d0d;background-color:#ffffff;font-weight:700;font-style:normal;font-variant:normal;text-decoration:none;vertical-align:baseline;white-space:pre;white-space:pre-wrap;\"><span style=\"border:none;display:inline-block;overflow:hidden;width:602px;height:401px;\"><img src=\"https://lh7-rt.googleusercontent.com/docsz/AD_4nXcOO9Qw61TDD4Qqg_UJGprclo0LRmeihCSc6hBcHUQpUvxsd_x8fommvxTqWAVrS4MohwjRrfeY2_ok2GenWVEri3lJFP8czsV0bCcy7ex9jYZhPclymzRLa02OkDrW8CmsUTw1d9q1CY7XOK5u2A4kNl0s?key=0M8vRj0vZ5XCvi3mJzuAAg\" width=\"602\" height=\"401\" style=\"margin-left:0px;margin-top:0px;\"></span></span></p></strong><br></p>','[{\"option\": \"Multiples\", \"feedback\": \"\"}, {\"option\": \"4\", \"feedback\": \"\"}, {\"option\": \"3\", \"feedback\": \"\"}, {\"option\": \"2\", \"feedback\": \"\"}]','2024-09-23 07:49:29','Multiples','multiple_choice',NULL,16,1),(69,'<p><strong style=\"font-weight:normal;\" id=\"docs-internal-guid-6bbbbb0c-7fff-1ad4-49bf-49cfa1bfadbd\"><p dir=\"ltr\" style=\"line-height:1.38;margin-top:12pt;margin-bottom:12pt;\"><span style=\"font-size:12pt;font-family:Arial,sans-serif;color:#0d0d0d;background-color:#ffffff;font-weight:700;font-style:normal;font-variant:normal;text-decoration:none;vertical-align:baseline;white-space:pre;white-space:pre-wrap;\">How do professional actors and runway models maintain good posture?</span></p><p dir=\"ltr\" style=\"line-height:1.38;margin-top:12pt;margin-bottom:12pt;\"><span style=\"font-size:12pt;font-family:Arial,sans-serif;color:#0d0d0d;background-color:#ffffff;font-weight:700;font-style:normal;font-variant:normal;text-decoration:none;vertical-align:baseline;white-space:pre;white-space:pre-wrap;\"><span style=\"border:none;display:inline-block;overflow:hidden;width:409px;height:614px;\"><img src=\"https://lh7-rt.googleusercontent.com/docsz/AD_4nXdHy7UdcG7hYP_ytRmPNhR8iRWERxMFsD0CMvaV38SobiwXl36jllgC-4BnlEnrQxsQQk3KJAmafjNiG4ozEI1OQrQe0RWSkqpniJGsNZqRo7HUuOhyZS6ry3vg_PCHYYNC6JHvdWBkdDIG9JEUVanCb_1C?key=0M8vRj0vZ5XCvi3mJzuAAg\" width=\"409\" height=\"614\" style=\"margin-left:0px;margin-top:0px;\"></span></span></p></strong><br></p>','[{\"option\": \"Embrace the ground\", \"feedback\": \"\"}, {\"option\": \"Reach for the stars\", \"feedback\": \"\"}, {\"option\": \"Blossoming flower\", \"feedback\": \"\"}, {\"option\": \"As you think, so shall you become\", \"feedback\": \"\"}, {\"option\": \"Be water, my friend\", \"feedback\": \"\"}, {\"option\": \"All of the above\", \"feedback\": \"\"}]','2024-09-23 07:51:38','All of the above','multiple_choice',NULL,16,1),(70,'<p><strong style=\"font-weight:normal;\" id=\"docs-internal-guid-92a3be8e-7fff-fff7-aebc-d38912511282\"><p dir=\"ltr\" style=\"line-height:1.38;margin-top:12pt;margin-bottom:12pt;\"><span style=\"font-size:12pt;font-family:Arial,sans-serif;color:#0d0d0d;background-color:#ffffff;font-weight:700;font-style:normal;font-variant:normal;text-decoration:none;vertical-align:baseline;white-space:pre;white-space:pre-wrap;\">How much force does one book in a backpack generate to the spine?</span></p><p dir=\"ltr\" style=\"line-height:1.38;margin-top:12pt;margin-bottom:12pt;\"><span style=\"font-size:12pt;font-family:Arial,sans-serif;color:#0d0d0d;background-color:#ffffff;font-weight:700;font-style:normal;font-variant:normal;text-decoration:none;vertical-align:baseline;white-space:pre;white-space:pre-wrap;\"><span style=\"border:none;display:inline-block;overflow:hidden;width:602px;height:256px;\"><img src=\"https://lh7-rt.googleusercontent.com/docsz/AD_4nXfdWadjFN_us8x5WvzjG7e9iguTA2P6utnmovQkcwe8vQ_O25K35Wstd8vCdH_s9U34R9dG83y4OEdiXeDMjLZtpQQMkWR9jeGG578LHXWOg_rlcqswi8eQsRw-dIeYAlDvWNQI723b6exTj4lbcqPm6f0?key=0M8vRj0vZ5XCvi3mJzuAAg\" width=\"602\" height=\"256\" style=\"margin-left:0px;margin-top:0px;\"></span></span></p></strong><br></p>','[{\"option\": \"4 books\", \"feedback\": \"\"}, {\"option\": \"7.2 books\", \"feedback\": \"\"}, {\"option\": \"11.6 books\", \"feedback\": \"\"}, {\"option\": \"\", \"feedback\": \"\"}]','2024-09-23 08:03:08','7.2 books','multiple_choice',NULL,16,1),(71,'<p>Tall people often face which specific challenges that can lead to back pain due to their height?</p>','[{\"option\": \"Spinal mechanical stress\", \"feedback\": \"\"}, {\"option\": \"Ergonomic challenges\", \"feedback\": \"\"}, {\"option\": \"Postural strain\", \"feedback\": \"\"}, {\"option\": \"Physical activity and sports\", \"feedback\": \"\"}, {\"option\": \"All of the above\", \"feedback\": \"\"}]','2024-09-23 08:05:07','All of the above','multiple_choice',NULL,16,1),(72,'<p><strong style=\"font-weight:normal;\" id=\"docs-internal-guid-0a238194-7fff-1347-26fc-134030a27de9\"><p dir=\"ltr\" style=\"line-height:1.38;margin-top:12pt;margin-bottom:12pt;\"><span style=\"font-size:12pt;font-family:Arial,sans-serif;color:#0d0d0d;background-color:#ffffff;font-weight:700;font-style:normal;font-variant:normal;text-decoration:none;vertical-align:baseline;white-space:pre;white-space:pre-wrap;\">Which of the following demonstrate incorrect lifting techniques?</span></p><p dir=\"ltr\" style=\"line-height:1.38;margin-top:12pt;margin-bottom:12pt;\"><span style=\"font-size:12pt;font-family:Arial,sans-serif;color:#0d0d0d;background-color:#ffffff;font-weight:700;font-style:normal;font-variant:normal;text-decoration:none;vertical-align:baseline;white-space:pre;white-space:pre-wrap;\"><span style=\"border:none;display:inline-block;overflow:hidden;width:544px;height:229px;\"><img src=\"https://lh7-rt.googleusercontent.com/docsz/AD_4nXdS35X3qSgSRLEOFz2nRhmxA5h2aX3jWbfC_ux_m154FwvvpH94OdgM_lf0Wh1IIdyIyu0Or-5DG53vUVcv7dLboaVBypqFO3y66WPT49vmhpucZ7e9WzGdN53ebcrqIp9WLxAZS8TPaxMv2bzz0nlBPKPy?key=0M8vRj0vZ5XCvi3mJzuAAg\" width=\"565\" height=\"237.1031340392672\" style=\"margin-left:0px;margin-top:0px;\"></span></span></p></strong><br></p>','[{\"option\": \"Do NOT keep your feet close together\", \"feedback\": \"\"}, {\"option\": \"Do NOT keep your knees straight\", \"feedback\": \"\"}, {\"option\": \"Do NOT lift with a hunched or bent spine\", \"feedback\": \"\"}, {\"option\": \"Do NOT lift the object in front of you\", \"feedback\": \"\"}, {\"option\": \"Do NOT lift with your head forward\", \"feedback\": \"\"}, {\"option\": \"All of the above\", \"feedback\": \"\"}]','2024-09-23 08:08:31','All of the above','multiple_choice',NULL,17,1),(73,'<p><strong style=\"font-weight:normal;\" id=\"docs-internal-guid-d1994efc-7fff-8a44-5cfd-c619cb15c53b\"><p dir=\"ltr\" style=\"line-height:1.38;margin-top:12pt;margin-bottom:12pt;\"><span style=\"font-size:12pt;font-family:Arial,sans-serif;color:#0d0d0d;background-color:#ffffff;font-weight:700;font-style:normal;font-variant:normal;text-decoration:none;vertical-align:baseline;white-space:pre;white-space:pre-wrap;\">What are the techniques of correct lifting posture?</span></p><p dir=\"ltr\" style=\"line-height:1.38;margin-top:12pt;margin-bottom:12pt;\"><span style=\"font-size:12pt;font-family:Arial,sans-serif;color:#0d0d0d;background-color:#ffffff;font-weight:700;font-style:normal;font-variant:normal;text-decoration:none;vertical-align:baseline;white-space:pre;white-space:pre-wrap;\"><span style=\"border:none;display:inline-block;overflow:hidden;width:602px;height:440px;\"><img src=\"https://lh7-rt.googleusercontent.com/docsz/AD_4nXeql1p9AtMz7HIDX8MIkmqlGRMJjkelVAODUB-58_3PE2EnQfi5aEP8j2zucFhNngtc5WawRx6fKlW6c6Qq2s245Ix-97_jyZdA_LBIKJtZz4TjgKCQMCMZDrbkCF5sd4XIiecDKRlgjNh1eGuclgHP5c8j?key=0M8vRj0vZ5XCvi3mJzuAAg\" width=\"602\" height=\"440\" style=\"margin-left:0px;margin-top:0px;\"></span></span></p></strong><br></p>','[{\"option\": \"Stable Base: Stand with your feet shoulder-width apart for balance.\", \"feedback\": \"\"}, {\"option\": \"Bend at the Knees and Hips: Lower yourself using your knees and hips, not your back.\", \"feedback\": \"\"}, {\"option\": \"Neutral Spine: Keep your back as straight as possible.\", \"feedback\": \"\"}, {\"option\": \"Keep Objects Close: Hold objects close to your body to reduce leverage.\", \"feedback\": \"\"}, {\"option\": \"Aligned Head: Keep your head aligned with your spine and look straight ahead.\", \"feedback\": \"\"}, {\"option\": \"Using proper lifting posture is essential to minimize the risk of injuries and maintain a healthy back, especially in occupations that require frequent lifting.\", \"feedback\": \"\"}, {\"option\": \"All of the above\", \"feedback\": \"\"}]','2024-09-23 08:10:57','All of the above','multiple_choice',NULL,17,1),(74,'<p><strong style=\"font-weight:normal;\" id=\"docs-internal-guid-08e9c3ac-7fff-904c-8a52-bd1f841820aa\"><p dir=\"ltr\" style=\"line-height:1.38;margin-top:12pt;margin-bottom:12pt;\"><span style=\"font-size:12pt;font-family:Arial,sans-serif;color:#0d0d0d;background-color:#ffffff;font-weight:700;font-style:normal;font-variant:normal;text-decoration:none;vertical-align:baseline;white-space:pre;white-space:pre-wrap;\">How do you place an item down?</span></p><p dir=\"ltr\" style=\"line-height:1.38;margin-top:12pt;margin-bottom:12pt;\"><span style=\"font-size:12pt;font-family:Arial,sans-serif;color:#0d0d0d;background-color:#ffffff;font-weight:700;font-style:normal;font-variant:normal;text-decoration:none;vertical-align:baseline;white-space:pre;white-space:pre-wrap;\"><span style=\"border:none;display:inline-block;overflow:hidden;width:557px;height:214px;\"><img src=\"https://lh7-rt.googleusercontent.com/docsz/AD_4nXfAxhMTzO7S4UKE3Xltx3O2Ii5wOOkKU5bLJp11GWlbO6LUeM-Sq4VztQ5UlJvp-_wAKrPjl1E3PAji4g6bTYXIHRpGu3GR7WEoKJLar1QQhTpMmKdvxHPODHQswurPQuRiWC6s988PqsLaW2TAc4lKmWNG?key=0M8vRj0vZ5XCvi3mJzuAAg\" width=\"557\" height=\"214\" style=\"margin-left:0px;margin-top:0px;\"></span></span></p></strong><br></p>','[{\"option\": \"Take a deep breath, and, breathe out as you are lowering the item.\", \"feedback\": \"\"}, {\"option\": \"Item placed close to chest\", \"feedback\": \"\"}, {\"option\": \"Sink in height\", \"feedback\": \"\"}, {\"option\": \"Keep a neutral spine\", \"feedback\": \"\"}, {\"option\": \"Bend your knees and hips\", \"feedback\": \"\"}, {\"option\": \"Place item to the level intended\", \"feedback\": \"\"}, {\"option\": \"All of the above\", \"feedback\": \"\"}]','2024-09-23 08:12:55','All of the above','multiple_choice',NULL,17,1),(75,'<p><strong style=\"font-weight:normal;\" id=\"docs-internal-guid-dce98857-7fff-9a19-d984-1b8bfa23261a\"><p dir=\"ltr\" style=\"line-height:1.38;margin-top:12pt;margin-bottom:12pt;\"><span style=\"font-size:12pt;font-family:Arial,sans-serif;color:#0d0d0d;background-color:#ffffff;font-weight:700;font-style:normal;font-variant:normal;text-decoration:none;vertical-align:baseline;white-space:pre;white-space:pre-wrap;\">Which of the following force magnifications are correct when I lift a 1pound item in a backpack?</span></p><p dir=\"ltr\" style=\"line-height:1.38;margin-top:12pt;margin-bottom:12pt;\"><span style=\"font-size:12pt;font-family:Arial,sans-serif;color:#0d0d0d;background-color:#ffffff;font-weight:700;font-style:normal;font-variant:normal;text-decoration:none;vertical-align:baseline;white-space:pre;white-space:pre-wrap;\"><span style=\"border:none;display:inline-block;overflow:hidden;width:279px;height:568px;\"><img src=\"https://lh7-rt.googleusercontent.com/docsz/AD_4nXdlF99SgY58kL1xmGvxcJg8AdojBiTlGO8QQtPfatunSwzUXXoW68K0IGhnkHsoS1OyECubzHFF-2kwYtA2-RsCeVeM0YxeZ7ZDlB3B1D1RTmNq4wV6zapNe5pnylRfvm3R0AeUH3ImfJ8o6RuA4gUgTkWB?key=0M8vRj0vZ5XCvi3mJzuAAg\" width=\"279\" height=\"568\" style=\"margin-left:0px;margin-top:0px;\"></span></span></p></strong><br></p>','[{\"option\": \"With a neutral spine, the spine sees 7 pounds of force\", \"feedback\": \"\"}, {\"option\": \"With a 10 degrees forward spine, the spine sees 9 pounds of force\", \"feedback\": \"\"}, {\"option\": \"With a 20 degrees forward spine, the spine sees 12 pounds of force\", \"feedback\": \"\"}, {\"option\": \"With a 40 degrees forward spine, the spine sees 15 pounds of force\", \"feedback\": \"\"}, {\"option\": \"All of the above are correct\", \"feedback\": \"\"}]','2024-09-23 08:15:02','All of the above are correct','multiple_choice',NULL,17,1),(76,'<p><strong style=\"font-weight:normal;\" id=\"docs-internal-guid-214ed651-7fff-6c41-facf-337e101a3436\"><p dir=\"ltr\" style=\"line-height:1.38;margin-top:12pt;margin-bottom:12pt;\"><span style=\"font-size:12pt;font-family:Arial,sans-serif;color:#0d0d0d;background-color:#ffffff;font-weight:700;font-style:normal;font-variant:normal;text-decoration:none;vertical-align:baseline;white-space:pre;white-space:pre-wrap;\">When I lift ?</span></p><p dir=\"ltr\" style=\"line-height:1.38;margin-top:12pt;margin-bottom:12pt;\"><span style=\"font-size:12pt;font-family:Arial,sans-serif;color:#0d0d0d;background-color:#ffffff;font-weight:700;font-style:normal;font-variant:normal;text-decoration:none;vertical-align:baseline;white-space:pre;white-space:pre-wrap;\"><span style=\"border:none;display:inline-block;overflow:hidden;width:563px;height:261px;\"><img src=\"https://lh7-rt.googleusercontent.com/docsz/AD_4nXcTl6SuTzLMALY6ZSti4B7hySmzs_JcyIN_d2WZYG3gtYSkF6L03X-3UUEOaqqjQvyIW3DQzmsE_jWQYhXQtQ8xLYmqaCTuaB-50kwC3MKDRWERs_ToxYiE735wpkcDuPjt668wyaiXmOZN8-LH1ZwKE37h?key=0M8vRj0vZ5XCvi3mJzuAAg\" width=\"563\" height=\"261\" style=\"margin-left:0px;margin-top:0px;\"></span></span></p></strong><br></p>','[{\"option\": \"An item close to the body, then the spine force is 1/2X the weight\", \"feedback\": \"\"}, {\"option\": \"An item 45 degrees from my body, then the spine force is 2X the weight\", \"feedback\": \"\"}, {\"option\": \"An item 90 degrees from the body, then the spine force is 4X the weight\", \"feedback\": \"\"}, {\"option\": \"All of the above\", \"feedback\": \"\"}]','2024-09-23 08:16:48','All of the above','multiple_choice',NULL,17,1),(77,'<p><strong style=\"font-weight:normal;\" id=\"docs-internal-guid-8b53b4da-7fff-f3d5-0f89-a43e842309e1\"><p dir=\"ltr\" style=\"line-height:1.38;margin-top:12pt;margin-bottom:12pt;\"><span style=\"font-size:12pt;font-family:Arial,sans-serif;color:#0d0d0d;background-color:#ffffff;font-weight:700;font-style:normal;font-variant:normal;text-decoration:none;vertical-align:baseline;white-space:pre;white-space:pre-wrap;\">What additional technique did the Grandmaster James Ran add to the techniques of correct lifting posture?</span></p><p dir=\"ltr\" style=\"line-height:1.38;margin-top:12pt;margin-bottom:12pt;\"><span style=\"font-size:12pt;font-family:Arial,sans-serif;color:#0d0d0d;background-color:#ffffff;font-weight:700;font-style:normal;font-variant:normal;text-decoration:none;vertical-align:baseline;white-space:pre;white-space:pre-wrap;\"><span style=\"border:none;display:inline-block;overflow:hidden;width:548px;height:776px;\"><img src=\"https://lh7-rt.googleusercontent.com/docsz/AD_4nXc7R6BAcyy_2PZ_fRDzM_EvDBybmD9UQJilWgJePOmJpR8_LeyOY3kjo5jlUuioe76URKMu3ugOZAmJoYHrNMLwts1zRM_3d4gyU6M5fNOXuyOqQQNbjo0ZNNdybHS63qoKzfsH_hHy2v7PglR1HjgnkG6D?key=0M8vRj0vZ5XCvi3mJzuAAg\" width=\"548\" height=\"776\" style=\"margin-left:0px;margin-top:0px;\"></span></span></p></strong><br></p>','[{\"option\": \"Stable Base: Stand with your feet shoulder-width apart for balance.\", \"feedback\": \"\"}, {\"option\": \"Bend at the Knees and Hips: Lower yourself using your knees and hips, not your back.\", \"feedback\": \"\"}, {\"option\": \"Neutral Spine: Keep your back as straight as possible.\", \"feedback\": \"\"}, {\"option\": \"Keep Objects Close: Hold objects close to your body to reduce leverage.\", \"feedback\": \"\"}, {\"option\": \"Aligned Head: Keep your head aligned with your spine and look straight ahead.\", \"feedback\": \"\"}, {\"option\": \"Using proper lifting posture is essential to minimize the risk of injuries and maintain a healthy back, especially in occupations that require frequent lifting.\", \"feedback\": \"\"}, {\"option\": \"The spine vertebrae have mobility, which may enhance the lifting experience especially of lighter loads.\", \"feedback\": \"\"}]','2024-09-23 08:19:09','The spine vertebrae have mobility, which may enhance the lifting experience especially of lighter loads.','multiple_choice',NULL,17,1),(78,'<p><strong style=\"font-weight:normal;\" id=\"docs-internal-guid-6885f054-7fff-4889-ecb7-9404767ee32c\"><p dir=\"ltr\" style=\"line-height:1.38;margin-top:12pt;margin-bottom:12pt;\"><span style=\"font-size:12pt;font-family:Arial,sans-serif;color:#0d0d0d;background-color:#ffffff;font-weight:700;font-style:normal;font-variant:normal;text-decoration:none;vertical-align:baseline;white-space:pre;white-space:pre-wrap;\">What additional technique did the Grandmaster James Ran add to the techniques of correct lifting posture?</span></p><p dir=\"ltr\" style=\"line-height:1.38;margin-top:12pt;margin-bottom:12pt;\"><span style=\"font-size:12pt;font-family:Arial,sans-serif;color:#0d0d0d;background-color:#ffffff;font-weight:700;font-style:normal;font-variant:normal;text-decoration:none;vertical-align:baseline;white-space:pre;white-space:pre-wrap;\"><span style=\"border:none;display:inline-block;overflow:hidden;width:548px;height:776px;\"><img src=\"https://lh7-rt.googleusercontent.com/docsz/AD_4nXc7R6BAcyy_2PZ_fRDzM_EvDBybmD9UQJilWgJePOmJpR8_LeyOY3kjo5jlUuioe76URKMu3ugOZAmJoYHrNMLwts1zRM_3d4gyU6M5fNOXuyOqQQNbjo0ZNNdybHS63qoKzfsH_hHy2v7PglR1HjgnkG6D?key=0M8vRj0vZ5XCvi3mJzuAAg\" width=\"548\" height=\"776\" style=\"margin-left:0px;margin-top:0px;\"></span></span></p></strong><br></p>','[{\"option\": \"Stable Base: Stand with your feet shoulder-width apart for balance.\", \"feedback\": \"\"}, {\"option\": \"Bend at the Knees and Hips: Lower yourself using your knees and hips, not your back.\", \"feedback\": \"\"}, {\"option\": \"Neutral Spine: Keep your back as straight as possible.\", \"feedback\": \"\"}, {\"option\": \"Keep Objects Close: Hold objects close to your body to reduce leverage.\", \"feedback\": \"\"}, {\"option\": \"Aligned Head: Keep your head aligned with your spine and look straight ahead.\", \"feedback\": \"\"}, {\"option\": \"Using proper lifting posture is essential to minimize the risk of injuries and maintain a healthy back, especially in occupations that require frequent lifting.\", \"feedback\": \"\"}, {\"option\": \"The spine vertebrae have mobility, which may enhance the lifting experience especially of lighter loads.\", \"feedback\": \"\"}]','2024-09-23 08:21:42','The spine vertebrae have mobility, which may enhance the lifting experience especially of lighter loads.','multiple_choice',NULL,18,1),(79,'<p><strong style=\"font-weight:normal;\" id=\"docs-internal-guid-87f37c86-7fff-965b-9c7f-16f3fe2ab467\"><p dir=\"ltr\" style=\"line-height:1.38;margin-top:12pt;margin-bottom:12pt;\"><span style=\"font-size:12pt;font-family:Arial,sans-serif;color:#0d0d0d;background-color:#ffffff;font-weight:700;font-style:normal;font-variant:normal;text-decoration:none;vertical-align:baseline;white-space:pre;white-space:pre-wrap;\"><span style=\"border:none;display:inline-block;overflow:hidden;width:503px;height:691px;\"><img src=\"https://lh7-rt.googleusercontent.com/docsz/AD_4nXdH8GbdFI3g2I3_HVmJn4oIh3lHXRc2bS52FiwbuH2H6kf-dZjefkc4-jn2CBKkCdVHwmPayyhgNqyiq49xwR6EuLmLnz8gYSrfVPM3Ve5LMWeZFk9GxZxn4F33j8WBCp5-4MJ0-T06-68H4-ybsDVr19KU?key=0M8vRj0vZ5XCvi3mJzuAAg\" width=\"503\" height=\"691\" style=\"margin-left:0px;margin-top:0px;\"></span></span></p><p dir=\"ltr\" style=\"line-height:1.38;margin-top:12pt;margin-bottom:12pt;\"><span style=\"font-size:13.999999999999998pt;font-family:Arial,sans-serif;color:#0d0d0d;background-color:#ffffff;font-weight:700;font-style:normal;font-variant:normal;text-decoration:none;vertical-align:baseline;white-space:pre;white-space:pre-wrap;\">The modern-day individual can wear out their spine through various activities, as illustrated by the following options:</span></p></strong><br></p>','[{\"option\": \"A lifter who lifts 4,000 pounds daily for 250 days accumulates a total of 1 million pounds lifted per year.\", \"feedback\": \"\"}, {\"option\": \"A lifter who lifts 4,000 pounds daily for 250 days accumulates a total of 1 million pounds lifted per year.\", \"feedback\": \"\"}, {\"option\": \"An individual who sits for 8 hours a day at work and an additional 2-4 hours daily at home, reaching up to 4,000 hours of sitting per year.\", \"feedback\": \"\"}, {\"option\": \"An individual who sits for 8 hours a day at work and an additional 2-4 hours daily at home, reaching up to 4,000 hours of sitting per year.\", \"feedback\": \"\"}, {\"option\": \"All the above.\", \"feedback\": \"\"}]','2024-09-27 10:08:45','All the above.','multiple_choice',NULL,11,1),(83,'<p>Match the following<br></p>','[]','2024-10-01 04:41:23',NULL,'match',NULL,6,1),(84,'<p><br></p><p dir=\"ltr\" style=\"line-height:1.38;margin-top:0pt;margin-bottom:0pt;\"><strong style=\"font-weight:normal;\" id=\"docs-internal-guid-87d36511-7fff-5e82-ed0d-421f58a83916\"><span style=\"font-size:11pt;font-family:Arial,sans-serif;color:#000000;background-color:transparent;font-weight:700;font-style:normal;font-variant:normal;text-decoration:none;vertical-align:baseline;white-space:pre;white-space:pre-wrap;\"><span style=\"border:none;display:inline-block;overflow:hidden;width:270px;height:600px;\"><img src=\"https://lh7-rt.googleusercontent.com/docsz/AD_4nXfMH4ANX5DicKgvYwsQSkkzpqzet2sYWdEGSVTKSEy6IBHDeoBIRUyPNQdzZ2Jy1PahoX8RJY-TIXizS66ssqrJH8vrWZNHTwqbOgN0inF4GfTDzjIRDFloBYqf3OLkkjUbIu0bjS_MV9l8Vq81WpvWQfA?key=0M8vRj0vZ5XCvi3mJzuAAg\" width=\"270\" height=\"600\" style=\"margin-left:0px;margin-top:0px;\"></span></span><span style=\"font-size:11pt;font-family:Arial,sans-serif;color:#000000;background-color:transparent;font-weight:700;font-style:normal;font-variant:normal;text-decoration:none;vertical-align:baseline;white-space:pre;white-space:pre-wrap;\"><span style=\"border:none;display:inline-block;overflow:hidden;width:266px;height:600px;\"><img src=\"https://lh7-rt.googleusercontent.com/docsz/AD_4nXfqe2gQdhQxI_Co-1wCQfDcByaKzlnEOMCe7C4y1S-1AKFycIAEtmrPDoWKsDFLopFW0cnTpd8GyJiOPHt1ay2R4zwatXq3dvoWrV4SH4sS--Q8WGqHJigPQcfvkjfJYVbqwM6VRlxZUtKnBSZXR3MYreQ?key=0M8vRj0vZ5XCvi3mJzuAAg\" width=\"266\" height=\"600\" style=\"margin-left:0px;margin-top:0px;\"></span></span></strong></p><p dir=\"ltr\" style=\"line-height:1.38;margin-top:0pt;margin-bottom:0pt;\"><strong style=\"font-weight:normal;\" id=\"docs-internal-guid-87d36511-7fff-5e82-ed0d-421f58a83916\"><span style=\"font-size:12pt;font-family:Arial,sans-serif;color:#001a1e;background-color:#e7f3f5;font-weight:700;font-style:normal;font-variant:normal;text-decoration:none;vertical-align:baseline;white-space:pre;white-space:pre-wrap;\">Which exercises are&nbsp; my preferred exercises used to build...</span></strong></p><br class=\"Apple-interchange-newline\"><br><p><br></p>','[]','2024-10-05 05:18:30',NULL,'match',NULL,8,1),(85,'<p><strong style=\"font-weight:normal;\" id=\"docs-internal-guid-4acdead5-7fff-37c6-1703-64ba9e5359b8\"><p dir=\"ltr\" style=\"line-height:1.38;margin-top:0pt;margin-bottom:0pt;\"><span style=\"font-size:12pt;font-family:Arial,sans-serif;color:#001a1e;background-color:#e7f3f5;font-weight:700;font-style:normal;font-variant:normal;text-decoration:none;vertical-align:baseline;white-space:pre;white-space:pre-wrap;\">How does the spine show mercy?</span></p><br><p dir=\"ltr\" style=\"line-height:1.38;margin-top:0pt;margin-bottom:0pt;\"><span style=\"font-size:12pt;font-family:Arial,sans-serif;color:#001a1e;background-color:#e7f3f5;font-weight:700;font-style:normal;font-variant:normal;text-decoration:none;vertical-align:baseline;white-space:pre;white-space:pre-wrap;\"><span style=\"border:none;display:inline-block;overflow:hidden;width:387px;height:387px;\"><img src=\"https://lh7-rt.googleusercontent.com/docsz/AD_4nXfPzdQ8LhBpbr-xueCstmLfpgwKqweSpADQoqxnv9oMyFfVIXQbL1-hcNrT8AKReiY7_DZRoOeqtUDeQZNdc_NkGb-ud9MP7o0YbWH2OI_kbIT4nhv_i0ga8ezC38h2J-oJQay5Kq2TADEeW5i4RPGq3rxO?key=0M8vRj0vZ5XCvi3mJzuAAg\" width=\"387\" height=\"387\" style=\"margin-left:0px;margin-top:0px;\"></span></span></p></strong><br class=\"Apple-interchange-newline\"><br></p>','[{\"marks\": \"83.3%\", \"keyword\": \"annular tears with a cool interface\"}, {\"marks\": \"80%\", \"keyword\": \"no expression of inflammatory factors\"}, {\"marks\": \"100%\", \"keyword\": \"pain-free\"}]','2024-10-05 06:58:31',NULL,'descriptive',NULL,9,1),(86,'<p><strong style=\"font-weight:normal;\" id=\"docs-internal-guid-ce55be63-7fff-a33b-0dfc-f28098a2be81\"><p dir=\"ltr\" style=\"line-height:1.38;margin-top:0pt;margin-bottom:0pt;\"><span style=\"font-size:11pt;font-family:Arial,sans-serif;color:#000000;background-color:transparent;font-weight:700;font-style:normal;font-variant:normal;text-decoration:none;vertical-align:baseline;white-space:pre;white-space:pre-wrap;\"><span style=\"border:none;display:inline-block;overflow:hidden;width:390px;height:390px;\"><img src=\"https://lh7-rt.googleusercontent.com/docsz/AD_4nXdgDH4gFDH_lZV9TNuIx6y2VFhnI1MUz0imrx-27BfJd1HFLhhI89XvCLk1q9KiRi6-sFb_D2Va0sHBj0F58t0ml68mmKkGxWyuzvdQ4DkUyOWlojPKyhAjUfInYK-nO_6D5L5YpZWGvvuC49s5H8mxRxnc?key=0M8vRj0vZ5XCvi3mJzuAAg\" width=\"390\" height=\"390\" style=\"margin-left:0px;margin-top:0px;\"></span></span></p><p dir=\"ltr\" style=\"line-height:1.38;margin-top:0pt;margin-bottom:0pt;\"><span style=\"font-size:12pt;font-family:Arial,sans-serif;color:#001a1e;background-color:#e7f3f5;font-weight:700;font-style:normal;font-variant:normal;text-decoration:none;vertical-align:baseline;white-space:pre;white-space:pre-wrap;\">How does the spine show mercy?</span></p></strong><br class=\"Apple-interchange-newline\"><br></p>','[{\"marks\": \"10%\", \"keyword\": \"aggressive\"}, {\"marks\": \"10%\", \"keyword\": \"bending\"}, {\"marks\": \"10%\", \"keyword\": \"lifting,\"}, {\"marks\": \"10%\", \"keyword\": \"twisting\"}, {\"marks\": \"10%\", \"keyword\": \"reaching\"}, {\"marks\": \"100%\", \"keyword\": \"causing pain\"}]','2024-10-05 07:02:16',NULL,'descriptive',NULL,9,1);
/*!40000 ALTER TABLE `quiz_text` ENABLE KEYS */;
UNLOCK TABLES;

--
-- Table structure for table `quiz_type`
--

DROP TABLE IF EXISTS `quiz_type`;
/*!40101 SET @saved_cs_client     = @@character_set_client */;
/*!50503 SET character_set_client = utf8mb4 */;
CREATE TABLE `quiz_type` (
  `quiz_type_id` int NOT NULL AUTO_INCREMENT,
  `quiz_type_name` varchar(50) NOT NULL,
  PRIMARY KEY (`quiz_type_id`)
) ENGINE=InnoDB AUTO_INCREMENT=3 DEFAULT CHARSET=utf8mb4 COLLATE=utf8mb4_0900_ai_ci;
/*!40101 SET character_set_client = @saved_cs_client */;

--
-- Dumping data for table `quiz_type`
--

LOCK TABLES `quiz_type` WRITE;
/*!40000 ALTER TABLE `quiz_type` DISABLE KEYS */;
INSERT INTO `quiz_type` VALUES (1,'Pre-Assessment'),(2,'Post-Assessment');
/*!40000 ALTER TABLE `quiz_type` ENABLE KEYS */;
UNLOCK TABLES;

--
-- Table structure for table `roles`
--

DROP TABLE IF EXISTS `roles`;
/*!40101 SET @saved_cs_client     = @@character_set_client */;
/*!50503 SET character_set_client = utf8mb4 */;
CREATE TABLE `roles` (
  `role_id` int NOT NULL AUTO_INCREMENT,
  `role_name` varchar(50) NOT NULL,
  PRIMARY KEY (`role_id`),
  UNIQUE KEY `role_name` (`role_name`)
) ENGINE=InnoDB AUTO_INCREMENT=5 DEFAULT CHARSET=utf8mb4 COLLATE=utf8mb4_0900_ai_ci;
/*!40101 SET character_set_client = @saved_cs_client */;

--
-- Dumping data for table `roles`
--

LOCK TABLES `roles` WRITE;
/*!40000 ALTER TABLE `roles` DISABLE KEYS */;
INSERT INTO `roles` VALUES (1,'admin'),(2,'instructor'),(4,'student'),(3,'teacher');
/*!40000 ALTER TABLE `roles` ENABLE KEYS */;
UNLOCK TABLES;

--
-- Table structure for table `staff`
--

DROP TABLE IF EXISTS `staff`;
/*!40101 SET @saved_cs_client     = @@character_set_client */;
/*!50503 SET character_set_client = utf8mb4 */;
CREATE TABLE `staff` (
  `staff_id` int NOT NULL AUTO_INCREMENT,
  `name` varchar(100) NOT NULL,
  `email` varchar(100) NOT NULL,
  `phoneno` varchar(15) NOT NULL,
  `address` text NOT NULL,
  `password` varchar(255) NOT NULL,
  `role_id` int NOT NULL,
  `emp_id` int DEFAULT NULL,
  `created_at` timestamp NULL DEFAULT CURRENT_TIMESTAMP,
  `updated_at` timestamp NULL DEFAULT CURRENT_TIMESTAMP ON UPDATE CURRENT_TIMESTAMP,
  PRIMARY KEY (`staff_id`),
  UNIQUE KEY `email` (`email`),
  KEY `fk_staff_role_id` (`role_id`),
  CONSTRAINT `fk_staff_role_id` FOREIGN KEY (`role_id`) REFERENCES `roles` (`role_id`)
) ENGINE=InnoDB AUTO_INCREMENT=3 DEFAULT CHARSET=utf8mb4 COLLATE=utf8mb4_0900_ai_ci;
/*!40101 SET character_set_client = @saved_cs_client */;

--
-- Dumping data for table `staff`
--

LOCK TABLES `staff` WRITE;
/*!40000 ALTER TABLE `staff` DISABLE KEYS */;
/*!40000 ALTER TABLE `staff` ENABLE KEYS */;
UNLOCK TABLES;

--
-- Table structure for table `standardlog`
--

DROP TABLE IF EXISTS `standardlog`;
/*!40101 SET @saved_cs_client     = @@character_set_client */;
/*!50503 SET character_set_client = utf8mb4 */;
CREATE TABLE `standardlog` (
  `log_id` bigint unsigned NOT NULL AUTO_INCREMENT,
  `user_id` int NOT NULL,
  `eventname` varchar(255) DEFAULT NULL,
  `action` varchar(255) DEFAULT NULL,
  `time_created` timestamp NULL DEFAULT CURRENT_TIMESTAMP,
  PRIMARY KEY (`log_id`),
  UNIQUE KEY `log_id` (`log_id`)
) ENGINE=InnoDB AUTO_INCREMENT=344 DEFAULT CHARSET=utf8mb4 COLLATE=utf8mb4_0900_ai_ci;
/*!40101 SET character_set_client = @saved_cs_client */;

--
-- Dumping data for table `standardlog`
--

LOCK TABLES `standardlog` WRITE;
/*!40000 ALTER TABLE `standardlog` DISABLE KEYS */;
INSERT INTO `standardlog` VALUES (1,2,'login','logged','2024-09-20 08:21:28'),(2,2,'logout','logged out','2024-09-20 08:21:38'),(3,1,'login','logged','2024-09-20 08:22:00'),(4,1,'logout','logged out','2024-09-20 08:22:15'),(5,2,'login','logged','2024-09-20 08:22:57'),(6,2,'logout','logged out','2024-09-20 08:23:02'),(7,3,'login','logged','2024-09-20 08:23:10'),(8,3,'login','logged','2024-09-20 08:44:11'),(9,3,'login','logged','2024-09-20 09:39:58'),(10,3,'logout','logged out','2024-09-20 10:26:38'),(11,2,'login','logged','2024-09-20 10:26:45'),(12,2,'logout','logged out','2024-09-20 10:37:54'),(13,2,'login','logged','2024-09-20 10:37:57'),(14,2,'logout','logged out','2024-09-20 10:38:05'),(15,3,'login','logged','2024-09-20 10:38:07'),(16,3,'logout','logged out','2024-09-20 10:58:56'),(17,2,'login','logged','2024-09-20 10:58:59'),(18,2,'login','logged','2024-09-20 11:00:09'),(19,2,'login','logged','2024-09-20 11:00:36'),(20,2,'logout','logged out','2024-09-20 11:11:13'),(21,3,'login','logged','2024-09-20 11:11:18'),(22,3,'logout','logged out','2024-09-20 11:13:24'),(23,2,'login','logged','2024-09-20 11:13:28'),(24,2,'login','logged','2024-09-20 12:16:39'),(25,2,'login','logged','2024-09-20 12:39:28'),(26,2,'logout','logged out','2024-09-20 12:53:53'),(27,2,'login','logged','2024-09-20 12:56:43'),(28,2,'logout','logged out','2024-09-20 12:56:45'),(29,2,'login','logged','2024-09-21 03:38:19'),(30,2,'logout','logged out','2024-09-21 03:40:58'),(31,3,'login','logged','2024-09-21 03:43:09'),(32,3,'logout','logged out','2024-09-21 04:08:43'),(33,3,'login','logged','2024-09-21 04:08:46'),(34,3,'logout','logged out','2024-09-21 04:26:48'),(35,2,'login','logged','2024-09-21 04:26:51'),(36,2,'logout','logged out','2024-09-21 04:27:34'),(37,3,'login','logged','2024-09-21 04:28:22'),(38,3,'login','logged','2024-09-12 03:43:09'),(39,3,'logout','loggedout','2024-09-12 03:44:09'),(40,2,'login','logged','2024-09-21 06:20:38'),(41,2,'logout','logged out','2024-09-21 06:24:54'),(42,2,'login','logged','2024-09-21 06:24:57'),(43,3,'login','logged','2024-09-21 06:56:42'),(44,3,'logout','logged out','2024-09-21 06:56:44'),(45,3,'login','logged','2024-09-21 07:16:03'),(46,3,'logout','logged out','2024-09-21 07:27:54'),(47,3,'login','logged','2024-09-21 07:28:47'),(48,3,'login','logged','2024-09-21 08:41:27'),(49,2,'login','logged','2024-09-21 09:20:46'),(50,2,'logout','logged out','2024-09-21 09:20:49'),(51,3,'login','logged','2024-09-21 09:21:01'),(52,3,'logout','logged out','2024-09-21 09:26:20'),(53,3,'login','logged','2024-09-21 09:27:06'),(54,3,'logout','logged out','2024-09-21 10:00:32'),(55,3,'login','logged','2024-09-21 10:00:51'),(56,3,'logout','logged out','2024-09-21 10:04:39'),(57,2,'login','logged','2024-09-21 10:04:52'),(58,2,'logout','logged out','2024-09-21 10:04:57'),(59,3,'login','logged','2024-09-21 10:05:02'),(60,3,'logout','logged out','2024-09-21 10:05:34'),(61,2,'login','logged','2024-09-21 10:05:37'),(62,2,'logout','logged out','2024-09-21 10:06:13'),(63,3,'login','logged','2024-09-21 10:06:23'),(64,3,'logout','logged out','2024-09-21 10:08:30'),(65,3,'login','logged','2024-09-21 10:08:43'),(66,3,'login','logged','2024-09-23 03:52:06'),(67,3,'logout','logged out','2024-09-23 03:53:54'),(68,3,'login','logged','2024-09-23 03:54:03'),(69,3,'logout','logged out','2024-09-23 04:01:46'),(70,2,'login','logged','2024-09-23 04:01:53'),(71,3,'login','logged','2024-09-23 04:18:18'),(72,3,'logout','logged out','2024-09-23 04:24:08'),(73,2,'login','logged','2024-09-23 04:24:16'),(74,2,'login','logged','2024-09-23 05:27:27'),(75,2,'login','logged','2024-09-23 07:09:22'),(76,2,'login','logged','2024-09-23 08:22:03'),(77,3,'login','logged','2024-09-23 09:41:39'),(80,3,'Pre-Assessment','Pre-Assessment completed for module 1','2024-09-23 10:04:27'),(81,3,'Post-Assessment','Post-Assessment completed for module 1','2024-09-23 10:05:02'),(82,3,'logout','logged out','2024-09-23 10:09:56'),(83,2,'login','logged','2024-09-23 10:09:59'),(84,3,'login','logged','2024-09-23 10:15:57'),(85,2,'logout','logged out','2024-09-23 10:32:59'),(86,3,'login','logged','2024-09-23 10:33:01'),(87,3,'login','logged','2024-09-23 11:09:41'),(88,3,'logout','logged out','2024-09-23 11:13:59'),(89,2,'login','logged','2024-09-23 11:14:02'),(90,2,'logout','logged out','2024-09-23 11:14:14'),(91,3,'login','logged','2024-09-24 04:03:12'),(92,3,'logout','logged out','2024-09-24 04:53:47'),(93,2,'login','logged','2024-09-24 04:53:55'),(94,2,'logout','logged out','2024-09-24 04:59:46'),(95,3,'login','logged','2024-09-24 04:59:52'),(96,3,'logout','logged out','2024-09-24 05:01:01'),(97,2,'login','logged','2024-09-24 05:01:08'),(98,2,'logout','logged out','2024-09-24 05:16:50'),(99,3,'login','logged','2024-09-24 05:16:57'),(100,3,'logout','logged out','2024-09-24 05:19:49'),(101,2,'login','logged','2024-09-24 05:19:57'),(102,3,'login','logged','2024-09-24 06:15:10'),(103,2,'login','logged','2024-09-24 06:20:15'),(104,2,'logout','logged out','2024-09-24 06:26:31'),(105,3,'login','logged','2024-09-24 06:26:37'),(106,3,'logout','logged out','2024-09-24 06:43:04'),(107,3,'login','logged','2024-09-24 06:43:22'),(108,3,'logout','logged out','2024-09-24 06:53:16'),(109,3,'login','logged','2024-09-24 06:53:25'),(110,3,'logout','logged out','2024-09-24 06:53:53'),(111,3,'Pre-Assessment','Pre-Assessment completed for module 1','2024-09-24 06:59:38'),(112,3,'Post-Assessment','Post-Assessment completed for module 1','2024-09-24 06:59:56'),(113,3,'Pre-Assessment','Pre-Assessment completed for module 2','2024-09-24 07:41:56'),(114,3,'login','logged','2024-09-24 07:56:19'),(115,3,'login','logged','2024-09-24 09:40:47'),(116,3,'login','logged','2024-09-24 09:54:59'),(117,3,'Pre-Assessment','Pre-Assessment completed for module 1','2024-09-24 10:00:48'),(118,3,'Post-Assessment','Post-Assessment completed for module 1','2024-09-24 10:01:07'),(119,3,'Pre-Assessment','Pre-Assessment completed for module 1','2024-09-24 10:05:30'),(120,3,'Post-Assessment','Post-Assessment completed for module 1','2024-09-24 10:05:43'),(121,3,'Pre-Assessment','Pre-Assessment completed for module 1','2024-09-24 10:09:10'),(122,3,'Post-Assessment','Post-Assessment completed for module 1','2024-09-24 10:09:31'),(123,3,'Pre-Assessment','Pre-Assessment completed for module 1','2024-09-24 10:10:40'),(124,3,'Post-Assessment','Post-Assessment completed for module 1','2024-09-24 10:10:57'),(125,3,'login','logged','2024-09-24 10:25:15'),(126,3,'logout','logged out','2024-09-24 10:37:19'),(127,3,'login','logged','2024-09-24 10:37:54'),(128,3,'login','logged','2024-09-24 10:59:56'),(129,3,'login','logged','2024-09-24 11:02:12'),(130,3,'logout','logged out','2024-09-24 11:17:19'),(131,3,'login','logged','2024-09-24 11:17:30'),(132,3,'logout','logged out','2024-09-24 11:38:42'),(133,2,'login','logged','2024-09-24 11:38:49'),(134,2,'logout','logged out','2024-09-24 11:39:20'),(135,1,'login','logged','2024-09-24 11:39:27'),(136,1,'logout','logged out','2024-09-24 11:40:15'),(137,3,'login','logged','2024-09-24 11:40:21'),(138,3,'login','logged','2024-09-25 04:22:03'),(139,3,'login','logged','2024-09-25 04:24:58'),(140,3,'logout','logged out','2024-09-25 04:25:05'),(141,3,'login','logged','2024-09-25 04:25:07'),(142,3,'logout','logged out','2024-09-25 04:25:10'),(143,3,'login','logged','2024-09-25 04:25:48'),(144,3,'login','logged','2024-09-25 04:27:46'),(145,3,'logout','logged out','2024-09-25 04:28:00'),(146,3,'login','logged','2024-09-25 04:28:21'),(147,3,'logout','logged out','2024-09-25 04:28:25'),(148,2,'login','logged','2024-09-25 06:43:42'),(149,2,'logout','logged out','2024-09-25 07:35:31'),(150,3,'login','logged','2024-09-25 07:35:42'),(151,3,'login','logged','2024-09-25 08:37:14'),(152,3,'login','logged','2024-09-25 09:50:10'),(153,3,'logout','logged out','2024-09-25 10:34:37'),(154,3,'login','logged','2024-09-25 10:34:45'),(155,3,'login','logged','2024-09-25 10:53:14'),(156,3,'login','logged','2024-09-25 11:51:10'),(157,3,'login','logged','2024-09-26 04:29:11'),(158,3,'logout','logged out','2024-09-26 04:35:26'),(159,3,'login','logged','2024-09-26 04:35:48'),(160,3,'logout','logged out','2024-09-26 04:39:10'),(161,3,'login','logged','2024-09-26 04:39:33'),(162,3,'logout','logged out','2024-09-26 04:39:46'),(163,2,'login','logged','2024-09-26 04:45:26'),(164,3,'login','logged','2024-09-26 05:09:27'),(165,3,'logout','logged out','2024-09-26 05:11:28'),(166,3,'login','logged','2024-09-26 05:11:51'),(167,3,'logout','logged out','2024-09-26 05:18:57'),(168,3,'login','logged','2024-09-26 05:20:10'),(169,2,'logout','logged out','2024-09-26 05:27:29'),(170,3,'logout','logged out','2024-09-26 05:29:53'),(171,3,'login','logged','2024-09-26 05:29:55'),(172,3,'login','logged','2024-09-26 06:30:38'),(173,3,'logout','logged out','2024-09-26 07:06:37'),(174,3,'login','logged','2024-09-26 07:12:19'),(175,3,'login','logged','2024-09-26 08:15:59'),(176,3,'logout','logged out','2024-09-26 08:30:08'),(177,3,'login','logged','2024-09-26 09:25:48'),(178,3,'login','logged','2024-09-26 10:37:46'),(179,3,'login','logged','2024-09-26 11:44:01'),(180,3,'login','logged','2024-09-26 11:46:42'),(181,3,'login','logged','2024-09-27 03:50:18'),(182,3,'login','logged','2024-09-27 04:36:02'),(183,3,'logout','logged out','2024-09-27 04:42:14'),(184,3,'login','logged','2024-09-27 04:42:16'),(185,3,'Pre-Assessment','Pre-Assessment completed for module 4','2024-09-27 05:25:10'),(186,3,'Pre-Assessment','Pre-Assessment completed for module 5','2024-09-27 05:29:19'),(187,3,'Pre-Assessment','Pre-Assessment completed for module 10','2024-09-27 05:32:22'),(188,3,'login','logged','2024-09-27 06:12:23'),(189,3,'logout','logged out','2024-09-27 06:49:38'),(190,2,'login','logged','2024-09-27 06:49:49'),(191,2,'logout','logged out','2024-09-27 07:00:37'),(192,3,'login','logged','2024-09-27 07:00:41'),(193,3,'logout','logged out','2024-09-27 07:01:32'),(194,2,'login','logged','2024-09-27 07:01:39'),(195,2,'logout','logged out','2024-09-27 07:27:14'),(196,3,'login','logged','2024-09-27 07:27:20'),(197,2,'login','logged','2024-09-27 07:29:04'),(198,3,'login','logged','2024-09-27 08:10:02'),(199,3,'logout','logged out','2024-09-27 08:19:40'),(200,2,'login','logged','2024-09-27 08:19:49'),(201,2,'logout','logged out','2024-09-27 08:19:54'),(202,3,'login','logged','2024-09-27 08:20:00'),(203,2,'login','logged','2024-09-27 08:20:48'),(204,2,'login','logged','2024-09-27 09:22:23'),(205,3,'login','logged','2024-09-27 09:58:18'),(206,2,'login','logged','2024-09-27 10:10:19'),(207,3,'login','logged','2024-09-27 11:14:40'),(208,3,'logout','logged out','2024-09-27 11:24:17'),(209,3,'login','logged','2024-09-27 11:24:20'),(210,3,'logout','logged out','2024-09-27 11:27:12'),(211,2,'login','logged','2024-09-27 11:27:15'),(212,2,'logout','logged out','2024-09-27 11:34:30'),(213,3,'login','logged','2024-09-27 11:34:34'),(214,3,'logout','logged out','2024-09-27 11:39:32'),(215,3,'login','logged','2024-09-27 11:51:06'),(216,3,'logout','logged out','2024-09-27 12:46:45'),(217,3,'login','logged','2024-09-28 03:49:18'),(218,3,'login','logged','2024-09-28 04:11:56'),(219,0,'Pre-Assessment','Pre-Assessment completed for module 1','2024-09-28 04:26:53'),(220,0,'Pre-Assessment','Pre-Assessment completed for module 1','2024-09-28 04:27:20'),(221,0,'Post-Assessment','Post-Assessment completed for module 1','2024-09-28 04:27:57'),(222,0,'Pre-Assessment','Pre-Assessment completed for module 1','2024-09-28 04:39:18'),(223,0,'Pre-Assessment','Pre-Assessment completed for module 1','2024-09-28 04:42:50'),(224,3,'logout','logged out','2024-09-28 04:48:58'),(225,3,'login','logged','2024-09-28 04:57:36'),(226,3,'logout','logged out','2024-09-28 05:16:12'),(227,0,'Pre-Assessment','Pre-Assessment completed for module 1','2024-09-28 05:19:11'),(228,3,'login','logged','2024-09-28 05:19:33'),(229,3,'login','logged','2024-09-28 07:16:20'),(230,3,'logout','logged out','2024-09-28 08:01:07'),(231,2,'login','logged','2024-09-28 08:01:13'),(232,3,'login','logged','2024-09-28 09:25:34'),(233,3,'logout','logged out','2024-09-28 09:34:16'),(234,2,'login','logged','2024-09-28 09:34:33'),(235,2,'login','logged','2024-09-28 09:49:17'),(236,3,'login','logged','2024-09-30 04:16:46'),(237,3,'logout','logged out','2024-09-30 04:18:57'),(238,2,'login','logged','2024-09-30 04:19:04'),(239,3,'login','logged','2024-09-30 07:33:43'),(240,3,'logout','logged out','2024-09-30 07:34:52'),(241,2,'login','logged','2024-09-30 07:35:01'),(242,2,'login','logged','2024-09-30 07:36:45'),(243,2,'login','logged','2024-09-30 09:35:43'),(244,2,'login','logged','2024-09-30 10:45:54'),(245,2,'login','logged','2024-09-30 12:31:28'),(246,2,'login','logged','2024-10-01 03:55:51'),(247,2,'login','logged','2024-10-01 05:27:26'),(248,2,'login','logged','2024-10-01 07:11:57'),(249,3,'login','logged','2024-10-01 09:15:46'),(250,3,'login','logged','2024-10-01 10:25:24'),(251,3,'logout','logged out','2024-10-01 11:18:03'),(252,2,'login','logged','2024-10-01 11:18:06'),(253,2,'logout','logged out','2024-10-01 11:21:31'),(254,3,'login','logged','2024-10-01 11:21:34'),(255,3,'login','logged','2024-10-01 12:22:00'),(256,3,'login','logged','2024-10-04 04:15:19'),(257,3,'login','logged','2024-10-04 05:24:05'),(258,3,'login','logged','2024-10-04 05:53:49'),(259,3,'login','logged','2024-10-04 06:59:57'),(260,3,'login','logged','2024-10-04 08:03:33'),(261,3,'login','logged','2024-10-04 09:07:40'),(262,3,'Pre-Assessment','Pre-Assessment completed for module 6','2024-10-04 09:15:02'),(263,3,'Pre-Assessment','Pre-Assessment completed for module 1','2024-10-04 09:16:39'),(264,3,'Pre-Assessment','Pre-Assessment completed for module 2','2024-10-04 09:17:40'),(265,3,'Pre-Assessment','Pre-Assessment completed for module 2','2024-10-04 09:19:08'),(266,3,'Pre-Assessment','Pre-Assessment completed for module 6','2024-10-04 09:19:42'),(267,3,'Pre-Assessment','Pre-Assessment completed for module 6','2024-10-04 09:28:13'),(268,3,'Pre-Assessment','Pre-Assessment completed for module 6','2024-10-04 09:35:03'),(269,3,'login','logged','2024-10-04 09:37:29'),(270,3,'Pre-Assessment','Pre-Assessment completed for module 6','2024-10-04 09:56:30'),(271,3,'Pre-Assessment','Pre-Assessment completed for module 6','2024-10-04 10:22:19'),(272,3,'login','logged','2024-10-04 11:08:52'),(273,3,'login','logged','2024-10-04 11:17:17'),(274,3,'Pre-Assessment','Pre-Assessment completed for module 1','2024-10-04 11:23:07'),(275,3,'Pre-Assessment','Pre-Assessment completed for module 6','2024-10-04 11:35:26'),(276,3,'Pre-Assessment','Pre-Assessment completed for module 6','2024-10-04 11:45:23'),(277,3,'Pre-Assessment','Pre-Assessment completed for module 1','2024-10-04 11:47:23'),(278,3,'login','logged','2024-10-05 03:43:39'),(279,3,'Pre-Assessment','Pre-Assessment completed for module 6','2024-10-05 03:59:39'),(280,3,'Pre-Assessment','Pre-Assessment completed for module 6','2024-10-05 04:15:41'),(281,3,'Pre-Assessment','Pre-Assessment completed for module 6','2024-10-05 04:31:34'),(282,3,'Pre-Assessment','Pre-Assessment completed for module 6','2024-10-05 04:32:37'),(283,3,'Pre-Assessment','Pre-Assessment completed for module 6','2024-10-05 04:34:01'),(284,3,'Pre-Assessment','Pre-Assessment completed for module 6','2024-10-05 04:42:44'),(285,3,'Pre-Assessment','Pre-Assessment completed for module 6','2024-10-05 04:43:24'),(286,3,'login','logged','2024-10-05 04:44:03'),(287,3,'Pre-Assessment','Pre-Assessment completed for module 1','2024-10-05 04:44:21'),(288,3,'Pre-Assessment','Pre-Assessment completed for module 1','2024-10-05 04:48:00'),(289,3,'Pre-Assessment','Pre-Assessment completed for module 6','2024-10-05 04:48:30'),(290,3,'Pre-Assessment','Pre-Assessment completed for module 6','2024-10-05 04:53:25'),(291,3,'Pre-Assessment','Pre-Assessment completed for module 6','2024-10-05 04:54:06'),(292,3,'Pre-Assessment','Pre-Assessment completed for module 6','2024-10-05 04:59:55'),(293,3,'Pre-Assessment','Pre-Assessment completed for module 6','2024-10-05 05:01:28'),(294,3,'Pre-Assessment','Pre-Assessment completed for module 6','2024-10-05 05:06:33'),(295,3,'Pre-Assessment','Pre-Assessment completed for module 6','2024-10-05 05:08:48'),(296,3,'Pre-Assessment','Pre-Assessment completed for module 1','2024-10-05 05:09:44'),(297,3,'logout','logged out','2024-10-05 05:09:54'),(298,2,'login','logged','2024-10-05 05:10:11'),(299,2,'logout','logged out','2024-10-05 05:18:50'),(300,3,'login','logged','2024-10-05 05:18:53'),(301,3,'logout','logged out','2024-10-05 05:20:32'),(302,2,'login','logged','2024-10-05 05:20:35'),(303,2,'logout','logged out','2024-10-05 05:25:45'),(304,3,'login','logged','2024-10-05 05:25:51'),(305,3,'logout','logged out','2024-10-05 05:27:03'),(306,2,'login','logged','2024-10-05 05:27:07'),(307,2,'logout','logged out','2024-10-05 05:31:44'),(308,3,'login','logged','2024-10-05 05:31:48'),(309,3,'Pre-Assessment','Pre-Assessment completed for module 6','2024-10-05 05:33:18'),(310,3,'Pre-Assessment','Pre-Assessment completed for module 6','2024-10-05 05:58:09'),(311,3,'logout','logged out','2024-10-05 06:02:46'),(312,2,'login','logged','2024-10-05 06:03:03'),(313,2,'logout','logged out','2024-10-05 06:03:36'),(314,3,'login','logged','2024-10-05 06:03:40'),(315,3,'Pre-Assessment','Pre-Assessment completed for module 8','2024-10-05 06:04:29'),(316,3,'Post-Assessment','Post-Assessment completed for module 8','2024-10-05 06:05:17'),(317,3,'logout','logged out','2024-10-05 06:05:38'),(318,2,'login','logged','2024-10-05 06:05:41'),(319,2,'logout','logged out','2024-10-05 07:02:48'),(320,3,'login','logged','2024-10-05 07:02:53'),(321,3,'logout','logged out','2024-10-05 07:03:10'),(322,2,'login','logged','2024-10-05 07:03:12'),(323,2,'logout','logged out','2024-10-05 07:07:26'),(324,3,'login','logged','2024-10-05 07:07:29'),(325,3,'Pre-Assessment','Pre-Assessment completed for module 9','2024-10-05 07:31:14'),(326,3,'Pre-Assessment','Pre-Assessment completed for module 9','2024-10-05 07:33:34'),(327,3,'Pre-Assessment','Pre-Assessment completed for module 9','2024-10-05 07:44:33'),(328,3,'Pre-Assessment','Pre-Assessment completed for module 9','2024-10-05 07:44:34'),(329,3,'Pre-Assessment','Pre-Assessment completed for module 9','2024-10-05 07:47:09'),(330,3,'Pre-Assessment','Pre-Assessment completed for module 9','2024-10-05 07:47:09'),(331,3,'Pre-Assessment','Pre-Assessment completed for module 9','2024-10-05 07:52:02'),(332,3,'Pre-Assessment','Pre-Assessment completed for module 9','2024-10-05 07:52:02'),(333,3,'Pre-Assessment','Pre-Assessment completed for module 9','2024-10-05 07:56:20'),(334,3,'Pre-Assessment','Pre-Assessment completed for module 9','2024-10-05 07:56:20'),(335,3,'login','logged','2024-10-05 08:10:41'),(336,3,'Pre-Assessment','Pre-Assessment completed for module 9','2024-10-05 08:11:12'),(337,3,'Pre-Assessment','Pre-Assessment completed for module 9','2024-10-05 08:11:12'),(338,3,'Pre-Assessment','Pre-Assessment completed for module 9','2024-10-05 08:14:23'),(339,3,'Pre-Assessment','Pre-Assessment completed for module 9','2024-10-05 08:14:23'),(340,3,'Pre-Assessment','Pre-Assessment completed for module 9','2024-10-05 08:15:28'),(341,3,'Pre-Assessment','Pre-Assessment completed for module 9','2024-10-05 08:15:28'),(342,3,'Pre-Assessment','Pre-Assessment completed for module 9','2024-10-05 08:18:46'),(343,3,'Pre-Assessment','Pre-Assessment completed for module 9','2024-10-05 08:18:46');
/*!40000 ALTER TABLE `standardlog` ENABLE KEYS */;
UNLOCK TABLES;

--
-- Table structure for table `student`
--

DROP TABLE IF EXISTS `student`;
/*!40101 SET @saved_cs_client     = @@character_set_client */;
/*!50503 SET character_set_client = utf8mb4 */;
CREATE TABLE `student` (
  `student_id` int NOT NULL AUTO_INCREMENT,
  `student_name` varchar(100) NOT NULL,
  `email` varchar(100) NOT NULL,
  `password` varchar(255) NOT NULL,
  `phoneno` varchar(15) DEFAULT NULL,
  `address` varchar(255) DEFAULT NULL,
  `role_id` int NOT NULL,
  `dept_id` int DEFAULT NULL,
  `dept_name` varchar(100) DEFAULT NULL,
  PRIMARY KEY (`student_id`),
  UNIQUE KEY `email` (`email`),
  KEY `role_id` (`role_id`),
  KEY `fk_student_department` (`dept_id`),
  CONSTRAINT `fk_student_department` FOREIGN KEY (`dept_id`) REFERENCES `department` (`dept_id`),
  CONSTRAINT `student_ibfk_1` FOREIGN KEY (`role_id`) REFERENCES `roles` (`role_id`)
) ENGINE=InnoDB AUTO_INCREMENT=6 DEFAULT CHARSET=utf8mb4 COLLATE=utf8mb4_0900_ai_ci;
/*!40101 SET character_set_client = @saved_cs_client */;

--
-- Dumping data for table `student`
--

LOCK TABLES `student` WRITE;
/*!40000 ALTER TABLE `student` DISABLE KEYS */;
INSERT INTO `student` VALUES (5,'Shivani','shivani.m@kggeniuslabs.com','123456','8608053258',NULL,3,NULL,NULL);
/*!40000 ALTER TABLE `student` ENABLE KEYS */;
UNLOCK TABLES;

--
-- Table structure for table `type_of_section`
--

DROP TABLE IF EXISTS `type_of_section`;
/*!40101 SET @saved_cs_client     = @@character_set_client */;
/*!50503 SET character_set_client = utf8mb4 */;
CREATE TABLE `type_of_section` (
  `type_of_section_id` int NOT NULL AUTO_INCREMENT,
  `type_of_section` varchar(50) NOT NULL,
  PRIMARY KEY (`type_of_section_id`)
) ENGINE=InnoDB DEFAULT CHARSET=utf8mb4 COLLATE=utf8mb4_0900_ai_ci;
/*!40101 SET character_set_client = @saved_cs_client */;

--
-- Dumping data for table `type_of_section`
--

LOCK TABLES `type_of_section` WRITE;
/*!40000 ALTER TABLE `type_of_section` DISABLE KEYS */;
/*!40000 ALTER TABLE `type_of_section` ENABLE KEYS */;
UNLOCK TABLES;

--
-- Table structure for table `user`
--

DROP TABLE IF EXISTS `user`;
/*!40101 SET @saved_cs_client     = @@character_set_client */;
/*!50503 SET character_set_client = utf8mb4 */;
CREATE TABLE `user` (
  `user_id` int NOT NULL AUTO_INCREMENT,
  `email` varchar(100) NOT NULL,
  `phone_no` varchar(15) NOT NULL,
  `password` varchar(255) NOT NULL,
  `created_at` timestamp NULL DEFAULT CURRENT_TIMESTAMP,
  `first_name` varchar(100) DEFAULT NULL,
  `last_name` varchar(100) DEFAULT NULL,
  `context_id` int DEFAULT NULL,
  `has_paid` tinyint(1) DEFAULT '0',
  `qualification` varchar(255) DEFAULT NULL,
  `profession` varchar(255) DEFAULT NULL,
  `profile_image` varchar(255) DEFAULT NULL,
  PRIMARY KEY (`user_id`),
  UNIQUE KEY `email` (`email`),
  UNIQUE KEY `phone_no` (`phone_no`),
  KEY `fk_user_context` (`context_id`),
  CONSTRAINT `fk_user_context` FOREIGN KEY (`context_id`) REFERENCES `context` (`context_id`)
) ENGINE=InnoDB AUTO_INCREMENT=7 DEFAULT CHARSET=utf8mb4 COLLATE=utf8mb4_0900_ai_ci;
/*!40101 SET character_set_client = @saved_cs_client */;

--
-- Dumping data for table `user`
--

LOCK TABLES `user` WRITE;
/*!40000 ALTER TABLE `user` DISABLE KEYS */;
INSERT INTO `user` VALUES (1,'admin@gmail.com','8608053255','$2b$10$F7Ac.LDsx6GbQhvryIr8quW5CccTGeH6yZYxvkkW0a1Mq5FEyGIkC','2024-09-13 10:14:55','admin ','admin',1,0,NULL,NULL,NULL),(2,'instructor@gmail.com','8608053256','$2b$10$PxOARSkDCy49tcxJJE7xCuikJ6JGqg6svGvidWPeQ7zsbySsIpDuy','2024-09-13 10:15:47','Instructor ','Instructor',2,0,NULL,NULL,NULL),(3,'siva.v@kggeniuslabs.com','8608053257','$2b$10$vyhzY0qTvENpKZ0262n87.R8sBu9C/uZIpxmTLPb9RAOmSYnp/M5G','2024-09-13 10:16:21','siva  ','v',3,1,'MCA','Developer','\\uploads\\profile_image-1727339391687-313573051.jpg'),(5,'devika.eks@kggeniuslabs.com','8681995349','$2b$10$yj0he0UT2nA0J3wIMkdK3esh7HjcPqzuPkAZU9dQJxxvnkOW7Ioli','2024-09-25 05:34:11','Devika',NULL,64,0,'MCA','Developer',NULL),(6,'shivani.m@kggeniuslabs.com','8122196801','$2b$10$sl1fD5n2AmI0djHqVgbwGu5FnJ.T/cyFXe5nbTA2QyrgCIEoFJOHS','2024-09-25 05:38:50','Shivani',NULL,65,0,'B.Sc Data Analytics','UI/UX',NULL);
/*!40000 ALTER TABLE `user` ENABLE KEYS */;
UNLOCK TABLES;

--
-- Table structure for table `user_course_completion`
--

DROP TABLE IF EXISTS `user_course_completion`;
/*!40101 SET @saved_cs_client     = @@character_set_client */;
/*!50503 SET character_set_client = utf8mb4 */;
CREATE TABLE `user_course_completion` (
  `completion_id` int NOT NULL AUTO_INCREMENT,
  `user_id` int NOT NULL,
  `courseid` int NOT NULL,
  `time_completed` timestamp NULL DEFAULT CURRENT_TIMESTAMP,
  PRIMARY KEY (`completion_id`)
) ENGINE=InnoDB DEFAULT CHARSET=utf8mb4 COLLATE=utf8mb4_0900_ai_ci;
/*!40101 SET character_set_client = @saved_cs_client */;

--
-- Dumping data for table `user_course_completion`
--

LOCK TABLES `user_course_completion` WRITE;
/*!40000 ALTER TABLE `user_course_completion` DISABLE KEYS */;
/*!40000 ALTER TABLE `user_course_completion` ENABLE KEYS */;
UNLOCK TABLES;

--
-- Table structure for table `user_enrollment`
--

DROP TABLE IF EXISTS `user_enrollment`;
/*!40101 SET @saved_cs_client     = @@character_set_client */;
/*!50503 SET character_set_client = utf8mb4 */;
CREATE TABLE `user_enrollment` (
  `enrollment_id` int NOT NULL AUTO_INCREMENT,
  `user_id` int NOT NULL,
  `time_created` timestamp NULL DEFAULT CURRENT_TIMESTAMP,
  `time_started` timestamp NULL DEFAULT NULL,
  `time_end` timestamp NULL DEFAULT NULL,
  PRIMARY KEY (`enrollment_id`)
) ENGINE=InnoDB DEFAULT CHARSET=utf8mb4 COLLATE=utf8mb4_0900_ai_ci;
/*!40101 SET character_set_client = @saved_cs_client */;

--
-- Dumping data for table `user_enrollment`
--

LOCK TABLES `user_enrollment` WRITE;
/*!40000 ALTER TABLE `user_enrollment` DISABLE KEYS */;
/*!40000 ALTER TABLE `user_enrollment` ENABLE KEYS */;
UNLOCK TABLES;

--
-- Table structure for table `user_lastaccess`
--

DROP TABLE IF EXISTS `user_lastaccess`;
/*!40101 SET @saved_cs_client     = @@character_set_client */;
/*!50503 SET character_set_client = utf8mb4 */;
CREATE TABLE `user_lastaccess` (
  `access_id` int NOT NULL AUTO_INCREMENT,
  `user_id` int NOT NULL,
  `courseid` int NOT NULL,
  `timeaccess` timestamp NULL DEFAULT CURRENT_TIMESTAMP,
  PRIMARY KEY (`access_id`)
) ENGINE=InnoDB DEFAULT CHARSET=utf8mb4 COLLATE=utf8mb4_0900_ai_ci;
/*!40101 SET character_set_client = @saved_cs_client */;

--
-- Dumping data for table `user_lastaccess`
--

LOCK TABLES `user_lastaccess` WRITE;
/*!40000 ALTER TABLE `user_lastaccess` DISABLE KEYS */;
/*!40000 ALTER TABLE `user_lastaccess` ENABLE KEYS */;
UNLOCK TABLES;

--
-- Table structure for table `user_msg_compose`
--

DROP TABLE IF EXISTS `user_msg_compose`;
/*!40101 SET @saved_cs_client     = @@character_set_client */;
/*!50503 SET character_set_client = utf8mb4 */;
CREATE TABLE `user_msg_compose` (
  `id` int NOT NULL AUTO_INCREMENT,
  `sender_name` varchar(255) NOT NULL,
  `subject` varchar(255) NOT NULL,
  `receiver_email` varchar(255) NOT NULL,
  `timestamp` timestamp NULL DEFAULT CURRENT_TIMESTAMP,
  `user_id` int DEFAULT NULL,
  PRIMARY KEY (`id`)
) ENGINE=InnoDB AUTO_INCREMENT=4 DEFAULT CHARSET=utf8mb4 COLLATE=utf8mb4_0900_ai_ci;
/*!40101 SET character_set_client = @saved_cs_client */;

--
-- Dumping data for table `user_msg_compose`
--

LOCK TABLES `user_msg_compose` WRITE;
/*!40000 ALTER TABLE `user_msg_compose` DISABLE KEYS */;
INSERT INTO `user_msg_compose` VALUES (1,'siva  ','I need a course assist','admin@gmail.com','2024-09-27 08:10:41',3),(2,'siva  ','Testing','sivaranji5670@gmail.com','2024-09-27 08:11:40',3),(3,'siva  ','Testing','instructor@gmail.com','2024-09-27 08:11:40',3);
/*!40000 ALTER TABLE `user_msg_compose` ENABLE KEYS */;
UNLOCK TABLES;

--
-- Table structure for table `user_track`
--

DROP TABLE IF EXISTS `user_track`;
/*!40101 SET @saved_cs_client     = @@character_set_client */;
/*!50503 SET character_set_client = utf8mb4 */;
CREATE TABLE `user_track` (
  `id` int NOT NULL AUTO_INCREMENT,
  `user_id` int NOT NULL,
  `isActive` tinyint(1) DEFAULT '0',
  `timestamp` datetime NOT NULL,
  PRIMARY KEY (`id`)
) ENGINE=InnoDB AUTO_INCREMENT=3 DEFAULT CHARSET=utf8mb4 COLLATE=utf8mb4_0900_ai_ci;
/*!40101 SET character_set_client = @saved_cs_client */;

--
-- Dumping data for table `user_track`
--

LOCK TABLES `user_track` WRITE;
/*!40000 ALTER TABLE `user_track` DISABLE KEYS */;
INSERT INTO `user_track` VALUES (1,3,1,'2024-10-05 13:40:41'),(2,2,0,'2024-10-05 12:37:26');
/*!40000 ALTER TABLE `user_track` ENABLE KEYS */;
UNLOCK TABLES;
/*!40103 SET TIME_ZONE=@OLD_TIME_ZONE */;

/*!40101 SET SQL_MODE=@OLD_SQL_MODE */;
/*!40014 SET FOREIGN_KEY_CHECKS=@OLD_FOREIGN_KEY_CHECKS */;
/*!40014 SET UNIQUE_CHECKS=@OLD_UNIQUE_CHECKS */;
/*!40101 SET CHARACTER_SET_CLIENT=@OLD_CHARACTER_SET_CLIENT */;
/*!40101 SET CHARACTER_SET_RESULTS=@OLD_CHARACTER_SET_RESULTS */;
/*!40101 SET COLLATION_CONNECTION=@OLD_COLLATION_CONNECTION */;
/*!40111 SET SQL_NOTES=@OLD_SQL_NOTES */;

-- Dump completed on 2024-10-09 10:23:18
